-- MySQL dump 10.13  Distrib 8.0.41, for Linux (x86_64)
--
-- Host: localhost    Database: laravel
-- ------------------------------------------------------
-- Server version	8.0.41-0ubuntu0.24.04.1

/*!40101 SET @OLD_CHARACTER_SET_CLIENT=@@CHARACTER_SET_CLIENT */;
/*!40101 SET @OLD_CHARACTER_SET_RESULTS=@@CHARACTER_SET_RESULTS */;
/*!40101 SET @OLD_COLLATION_CONNECTION=@@COLLATION_CONNECTION */;
/*!50503 SET NAMES utf8mb4 */;
/*!40103 SET @OLD_TIME_ZONE=@@TIME_ZONE */;
/*!40103 SET TIME_ZONE='+00:00' */;
/*!40014 SET @OLD_UNIQUE_CHECKS=@@UNIQUE_CHECKS, UNIQUE_CHECKS=0 */;
/*!40014 SET @OLD_FOREIGN_KEY_CHECKS=@@FOREIGN_KEY_CHECKS, FOREIGN_KEY_CHECKS=0 */;
/*!40101 SET @OLD_SQL_MODE=@@SQL_MODE, SQL_MODE='NO_AUTO_VALUE_ON_ZERO' */;
/*!40111 SET @OLD_SQL_NOTES=@@SQL_NOTES, SQL_NOTES=0 */;

--
-- Table structure for table `bailleurs`
--

DROP TABLE IF EXISTS `bailleurs`;
/*!40101 SET @saved_cs_client     = @@character_set_client */;
/*!50503 SET character_set_client = utf8mb4 */;
CREATE TABLE `bailleurs` (
  `id` bigint unsigned NOT NULL AUTO_INCREMENT,
  `nom` varchar(255) COLLATE utf8mb4_unicode_ci NOT NULL,
  `commune_bailleur` varchar(255) COLLATE utf8mb4_unicode_ci DEFAULT NULL,
  `convention_cadre` varchar(255) COLLATE utf8mb4_unicode_ci DEFAULT NULL,
  `created_at` timestamp NULL DEFAULT NULL,
  `updated_at` timestamp NULL DEFAULT NULL,
  `nom_fichier_original` varchar(255) COLLATE utf8mb4_unicode_ci DEFAULT NULL,
  PRIMARY KEY (`id`)
) ENGINE=InnoDB AUTO_INCREMENT=16 DEFAULT CHARSET=utf8mb4 COLLATE=utf8mb4_unicode_ci;
/*!40101 SET character_set_client = @saved_cs_client */;

--
-- Dumping data for table `bailleurs`
--

LOCK TABLES `bailleurs` WRITE;
/*!40000 ALTER TABLE `bailleurs` DISABLE KEYS */;
INSERT INTO `bailleurs` VALUES (1,'3F Sud','Marseille','conventions/7wtqIFrPy4sSvCJtybfQ9ANOoj1e6295daJKhowx.pdf','2025-04-28 19:42:43','2025-04-29 07:11:36','Convention 3F SUD signée.pdf'),(2,'ADOMA','Paris','conventions/ziT1hEYUtPZEoG9MeQ7raqTKeNNsBcI2Ov0TI20T.pdf','2025-04-29 07:17:32','2025-04-29 07:17:32','convention signée ADOMA.pdf'),(3,'SFHE','0','conventions/HqZ3yzbaqonGkc0jAa1ydFA6vJzpWskaVe7KZ9Io.pdf','2025-04-29 12:53:51','2025-04-29 12:53:51','convention signée SFHE.pdf'),(4,'CDC Habitat','1',NULL,'2025-04-29 12:54:46','2025-04-29 12:54:46',NULL),(5,'CDC Habitat Social','1',NULL,'2025-04-29 12:55:04','2025-04-29 12:55:04',NULL),(6,'Erilia','1',NULL,'2025-04-29 12:55:15','2025-04-29 12:55:15',NULL),(7,'Grand Delta Habitat','1',NULL,'2025-04-29 12:55:40','2025-04-29 12:55:40',NULL),(8,'ICF Sud Est Méditerranée','1',NULL,'2025-04-29 12:55:59','2025-04-29 12:55:59',NULL),(9,'Logirem','1',NULL,'2025-04-29 12:56:15','2025-04-29 12:56:15',NULL),(10,'Logis Familial Varois','1',NULL,'2025-04-29 12:56:34','2025-04-29 12:56:34',NULL),(11,'Proletazur','1',NULL,'2025-04-29 12:57:37','2025-04-29 12:57:37',NULL),(12,'SNI','1',NULL,'2025-04-29 12:58:00','2025-04-29 12:58:00',NULL),(13,'THM','1',NULL,'2025-04-29 12:58:07','2025-04-29 12:58:07',NULL),(14,'UNICIL','1',NULL,'2025-04-29 12:58:14','2025-04-29 12:58:14',NULL),(15,'Var Habitat','1',NULL,'2025-04-29 12:58:26','2025-04-29 12:58:26',NULL);
/*!40000 ALTER TABLE `bailleurs` ENABLE KEYS */;
UNLOCK TABLES;

--
-- Table structure for table `contact_ecfr`
--

DROP TABLE IF EXISTS `contact_ecfr`;
/*!40101 SET @saved_cs_client     = @@character_set_client */;
/*!50503 SET character_set_client = utf8mb4 */;
CREATE TABLE `contact_ecfr` (
  `id` bigint unsigned NOT NULL AUTO_INCREMENT,
  `nom_contact` varchar(255) COLLATE utf8mb4_unicode_ci DEFAULT NULL,
  `prenom_contact` varchar(255) COLLATE utf8mb4_unicode_ci DEFAULT NULL,
  `date_contact` date DEFAULT NULL,
  `email_contact` varchar(255) COLLATE utf8mb4_unicode_ci DEFAULT NULL,
  `telephone_contact` varchar(255) COLLATE utf8mb4_unicode_ci DEFAULT NULL,
  `adresse_contact` varchar(255) COLLATE utf8mb4_unicode_ci DEFAULT NULL,
  `commune_contact` varchar(255) COLLATE utf8mb4_unicode_ci DEFAULT NULL,
  `revenu_fiscal` varchar(255) COLLATE utf8mb4_unicode_ci DEFAULT NULL,
  `taille_menage` varchar(255) COLLATE utf8mb4_unicode_ci DEFAULT NULL,
  `demande` text COLLATE utf8mb4_unicode_ci,
  `reponse` text COLLATE utf8mb4_unicode_ci,
  `code_postal_contact` varchar(255) COLLATE utf8mb4_unicode_ci DEFAULT NULL,
  `commentaires_contact` varchar(255) COLLATE utf8mb4_unicode_ci DEFAULT NULL,
  `renvoi_citemetrie` tinyint(1) NOT NULL DEFAULT '0',
  `pieces_jointes` varchar(255) COLLATE utf8mb4_unicode_ci DEFAULT NULL,
  `created_at` timestamp NULL DEFAULT NULL,
  `updated_at` timestamp NULL DEFAULT NULL,
  PRIMARY KEY (`id`)
) ENGINE=InnoDB AUTO_INCREMENT=65 DEFAULT CHARSET=utf8mb4 COLLATE=utf8mb4_unicode_ci;
/*!40101 SET character_set_client = @saved_cs_client */;

--
-- Dumping data for table `contact_ecfr`
--

LOCK TABLES `contact_ecfr` WRITE;
/*!40000 ALTER TABLE `contact_ecfr` DISABLE KEYS */;
INSERT INTO `contact_ecfr` VALUES (1,'Thermoz',NULL,'2025-05-12','inconnu@example.com','0641841775','Inconnu','Saint-Raphaël',NULL,NULL,'Installation PAC en remplacement fuel',NULL,'83700','Message laissé sur téléphone le 12/05',0,NULL,'2025-05-12 13:18:21','2025-05-12 13:26:12'),(2,'Langlois','Rémy','2025-05-12','langloisfamily76@gmail.com','Inconnu','Inconnu','Saint-Raphaël',NULL,NULL,'les aides éventuelles à l\'installation du photovoiltaique',NULL,'83700','Réponse mail 12/05',0,NULL,'2025-05-12 13:25:35','2025-05-12 13:25:35'),(3,'Berthaud','Linda','2025-05-15','lynda.berthaud@hotmail.fr','0615872310','La Croix du Sud','Fréjus',NULL,NULL,'Aides financières pour changement de menuiseries','Conseil PAC','83600',NULL,0,NULL,'2025-05-15 10:29:29','2025-05-16 05:51:26'),(4,'Bognon','Jean-Paul','2025-05-02','jean-paul.bognon@wanadoo.fr',NULL,NULL,NULL,NULL,NULL,'Isolation des combles->aides financières',NULL,NULL,NULL,0,NULL,'2025-05-15 10:39:52','2025-05-15 10:39:52'),(5,'Pineau - Piro',NULL,'2025-05-07','pineau.leone@orange.fr','Inconnu','Draguignan','Les Adrets de l\'Esterel',NULL,NULL,'Nous envisageons la pose de panneaux solaires en auto consommation.Nous avons déjà rencontré EDF.Avez-vous d’autres sociétés à nous conseiller pour faire une étude comparative ?','Mail le 12/05',NULL,NULL,0,NULL,'2025-05-15 10:42:31','2025-05-15 10:51:06'),(6,'Galfré','Mathieu','2025-04-30','mathieugalfre@gmail.com','0631615770','Inconnu','Roquebrune-sur-Argens',NULL,NULL,'Nous achetons un haut de maison de village ( donc appartement ) des années 1700 à Roquebrune sur Argens. Nous signons le 28 mai 2025Il y a beaucoup de travaux:','Tél le 30/04',NULL,'Transfert Citémétrie 2/05/25',1,NULL,'2025-05-15 10:54:14','2025-05-16 07:15:57'),(7,'Ramirez',NULL,'2025-01-09','dr13560@gmail.com',NULL,NULL,'DPVA / CCPF',NULL,NULL,'Nous habitons aux Arcs et souhaitons installer un poêle à bois, nous aimerions connaître les aides et démarches pour ce projet.\r\nPourriez vous nous accorder un rdv et nous dire ce que nous devons apporter comme pièces','A ce jour, il n’existe plus d’Espace Conseil France Rénov’ sur la zone Est du Département du Var.',NULL,NULL,0,NULL,'2025-05-16 06:12:42','2025-05-16 06:12:42'),(8,'Mme Mono / M Chauvet',NULL,'2025-01-09','rivierafroid@gmail.com',NULL,NULL,'Autre ville','49842','5','Nous souhaitons installer un poêle à granules à notre domicile. Nous sommes propriétaires occupants, le logement a plus de 15 ans.\r\nNous sommes 5 et avons comme revenu fiscal de référence 49842e.\r\nJ’aurai aimé connaître les différentes aides que nous avons le droit et savoir les démarches à entreprendre .\r\n\r\nL’ECFR du Var a définitivement fermé , je n’arrive à avoir aucune réponse. Ma demande est assez urgente car nous attendons ce papier pour faire la demande d’aides .',NULL,NULL,NULL,0,NULL,'2025-05-16 06:13:49','2025-05-16 06:13:49'),(9,'Meyere',NULL,'2025-01-09','meyere.zortho@gmail.com',NULL,NULL,'DPVA / CCPF',NULL,NULL,'Dans le cadre d\'un projet d\'isolation, je vous contacte afin de demander un rdv avec un conseiller comme indiqué sur le site MaPrimeRénov.\r\nJe suis proporiétaire sur la commune du Muy.','L’Espace Conseil France Rénov’ de l’Est Var (AREVE) a fermé ses portes le 8 janvier 2025.\r\n\r\nVous trouverez une liste des principaux sites et contacts pour vous accompagner sur areve83.fr',NULL,NULL,0,NULL,'2025-05-16 06:14:50','2025-05-16 06:14:50'),(10,'Doddi','Danielle','2025-01-22','danielledoddi@hotmail.com','0675473389',NULL,'Fréjus',NULL,NULL,'BONJOUR JE VOUDRAIS CONNAITRE LES AIDES POUR RENOVER MON APPARTEMENT ET PRENDRE RV POUR EN PARLER JE SUIS EN G J AI DEJA CHANGE MON CHAUFFAGE DEPUIS L ANNEE FEVRIER 2024 MAIS JE VOUDRAIS EGALEMENT CHANGER LES FENETRES ET BAIES VITREES DONNEZ MOI UN RV S IL VOUS PLAIT EN ME DISANT QUELS DOCUMENTS JE DOIS APPORTER MERCI VOUS POUVEZ M ENVOYER UN MAIL A CETTE ADRESSE OU ME JOINDRE AU','L’Espace Conseil France Rénov’ de l’Est Var a fermé ses portes depuis le 8 janvier 2025 et il n’y a plus à ce jour de conseiller pour vous accompagner localement.\r\nLa liste des principaux sites et contacts est disponible sur le site areve83.fr\r\n\r\nVoici malgré tout quelques informations générales liées à votre projet.',NULL,NULL,0,NULL,'2025-05-16 06:16:08','2025-05-16 06:16:08'),(11,'Plard','Chantal','2025-01-22','chantal.fontplard@gmail.com',NULL,NULL,'DPVA / CCPF',NULL,NULL,'Bonjour,\r\nSerait-il possible d\'avoir un rendez-vous avec vos services situés à Draguignan ?\r\nNous allons acquérir un bien à Figanières et souhaitons faire des travaux d\'amélioration tels que pose d\'un climatiseur réversible et pose de panneaux solaires.','L’AREVE ayant fermé ses portes depuis le 8 janvier 2025, vous devez prendre contact avec France Rénov’ national.\r\nVous trouverez toutes les coordonnées sur le site de l’AREVE : https://www.areve83.fr/',NULL,NULL,0,NULL,'2025-05-16 06:17:12','2025-05-16 06:17:12'),(12,'Corre','Gaëtan','2025-01-20','gaetan.corre@keolis.com',NULL,NULL,'Les Adrets de l\'Esterel',NULL,NULL,'Nous venons de faire une simulation à l\'aide \"ma prime renov\" à laquelle nous serions éligible.\r\nNous souhaiterions installer un adoucisseur d\'eau, chose qui peut être soumis aux aides de l\'état.\r\nPouvez-vous nous donner la marche à suivre ?','Après recherches il s’avère qu’il n’existe aucune aide, à ma connaissance, pour la pose d’adoucisseurs d’eau.\r\n\r\nLa seule aide disponible est la prime CEE « Traitement d’eau performant sur chaudière de production de vapeur ».\r\n\r\nIl s’agit d’une opération menée dans le domaine industriel, pas chez un particulier.\r\nSi votre projet de travaux rentre dans ce cadre, vous pouvez trouver plus d’informations sur la fiche standardisée IND-UT-125.',NULL,NULL,0,NULL,'2025-05-16 06:18:18','2025-05-16 06:18:18'),(13,'Nehr','Laure-Eva','2025-01-23','laureeva_nehr@gmail.com','0638950450','75 avenue du 15ème corps - Bâtiment A1 - Les Plantes','Saint-Raphaël',NULL,NULL,'Je me permets de vous écrire afin de solliciter votre accompagnement dans le cadre de ma demande pour bénéficier de la Prime Rénov\'.Je suis propriétaire d’un appartement situé au 75 avenue du 15ème corps - Bâtiment A1 - Les Plantes 83700 Saint-Raphaël, et je souhaite entreprendre des travaux de rénovation énergétique pour améliorer sa performance énergétique. Vous trouverez en pièce jointe le diagnostic de performance énergétique (DPE) réalisé lors de l’achat de cet appartement.J\'aimerais utiliser cette prime pour changer mon mode de chauffe actuel qui est collectif (dont j\'ai envie de me dédouaner) et au gaz. Que puis-je mettre en place pour améliorer ma consommation énergétique ? Je reste à votre disposition pour tout renseignement complémentaire ou pour organiser un rendez-vous afin de discuter des étapes nécessaires pour avancer dans ce projet.Dans l’attente de votre retour, je vous remercie par avance pour l’aide que vous pourrez m’apporter','L’Espace Conseil France Rénov’ de l’Est Var a fermé ses portes depuis le 8 janvier 2025 et il n’y a plus à ce jour de conseiller pour vous accompagner localement.La liste des principaux sites et contacts est disponible sur le site areve83.frVoici malgré tout quelques informations générales liées à votre projet.',NULL,NULL,0,NULL,'2025-05-16 06:19:46','2025-05-16 07:41:28'),(14,'Martin','Gérard','2025-01-20','g.martin1954@laposte.net','0637768330',NULL,'DPVA / CCPF',NULL,NULL,'je souhaite connaitre les règles, procédures et conseils pour rénover une future acquisition (résidence principale) qui se situe dans le Var, sur Trans en Provence et peut être bénéficier d\'aides de l\'Etat (nous avons 70 ans tous les deux).\r\nAcquisition qui se fera sous trois à quatre mois, peut-être, mais qui va demander de mettre en place des dispositifs pour en réduire la consommation électrique.\r\nCette maison est classée en catégorie D, frais de chauffage d\'environ 1500€ par an, pour 114m², classée en D, année 1992.\r\nTravaux envisagés : pompe à chaleur, isolation comble, peut être fenêtres bien qu\'elles soient en double vitrage d\'origine, isolation garage attenant sous toiture et murs intérieurs de celui-ci.','L’Espace Conseil France Rénov’ de l’Est Var a fermé ses portes depuis le 8 janvier 2025 et il n’y a plus à ce jour de conseiller pour vous accompagner localement.\r\n\r\nLa liste des principaux sites et contacts est disponible sur le site areve83.fr\r\n\r\nVous pouvez également contacter Dracénie Provence Agglomération\r\nTél : 04 94 50 16 20\r\nMail : dracenie.com/contact',NULL,NULL,0,NULL,'2025-05-16 06:21:42','2025-05-16 06:21:42'),(15,'Perise','Jeoffrey','2025-01-27','perise.jeoffrey@gmail.com',NULL,NULL,'DPVA / CCPF',NULL,NULL,'Comment pourrais-je obtenir les montants de ma prime renov svp ?','L’Espace Conseil France Rénov’ de l’Est Var a fermé ses portes depuis le 8 janvier 2025 et il n’y a plus à ce jour de conseiller pour vous accompagner localement.\r\nLa liste des principaux sites et contacts est disponible sur le site areve83.fr',NULL,NULL,0,NULL,'2025-05-16 06:22:35','2025-05-16 06:22:35'),(16,'Valles','Sandra','2025-01-23','sandra.valles@orange.fr',NULL,NULL,'DPVA / CCPF',NULL,NULL,'Bonjour\r\nje souhaite changer une clim (ou réparer?) et changer mon chauffe-eau pour passer au thermodynamique en profitant de la prime renov si possible\r\nPuis je passer à l\'AREVE Espace Chabran, bât. B pour avoir des renseignements ou faut-il prendre rendez vous? et ce service est-il gratuit? sinon quel est son prix?\r\net enfin dois je amener des papiers particuliers ?','L’Espace Conseil France Rénov’ de l’Est Var a fermé ses portes depuis le 8 janvier 2025 et il n’y a plus à ce jour de conseiller pour vous accompagner localement.\r\nLa liste des principaux sites et contacts est disponible sur le site areve83.fr',NULL,NULL,0,NULL,'2025-05-16 06:23:24','2025-05-16 06:23:24'),(17,'Ruiz','Catherine','2025-01-24','c.halys@hotmail.com','0640584309',NULL,'Saint-Raphaël',NULL,NULL,'Bonjour\r\nJ’habite St Raphaël et je vois que l’agence de Fréjus est fermée. \r\nPourriez-vous me dire comment déposer un dossier de demande d’aide dans la perspective de changer ma chaudière fuel. \r\nJe voudrais avoir la certitude du montant qui me sera alloué avant de signer le devis avec le chauffagiste. \r\nMerci d’avance pour votre retour. \r\nBien cdlt','Bonjour,\r\nPouvez-vous m’indiquer quelques renseignements complémentaires :\r\n- le nombre de personnes résidant dans le logement et votre Revenu Fiscal de référence ? Cela conditionnera le montant d’aide.\r\n- Votre statut ?\r\n●	Propriétaire occupant \r\n●	Propriétaire bailleur\r\n●	Usufruitier\r\n-	Votre logement \r\n●	Un logement occupé à titre de résidence principale (occupé au moins 8 mois par an) ?\r\n●	Un logement construit depuis au moins 15 ans ?',NULL,NULL,0,NULL,'2025-05-16 06:24:22','2025-05-16 06:24:22'),(18,'Yahiaoui','Nadera','2025-01-26','nadera62@live.fr','0631500784',NULL,'DPVA / CCPF',NULL,NULL,'Bonjour je vous contacte pour avoir des informations pour les aides possibles pour la rénovation de mon logement','Madame,\r\n\r\nL’Espace Conseil France Rénov’ de l’Est Var a fermé ses portes depuis le 8 janvier 2025 et il n’y a plus à ce jour de conseiller pour vous accompagner localement.\r\n\r\nLa liste des principaux sites et contacts est disponible sur le site areve83.fr\r\n\r\nVous pouvez également contacter Dracénie Provence Agglomération\r\nTél : 04 94 50 16 20\r\nMail : dracenie.com/contact\r\n\r\nVoici malgré tout quelques informations générales liées à votre projet.',NULL,NULL,0,NULL,'2025-05-16 06:25:43','2025-05-16 06:25:43'),(19,'Favorel','Dominique','2025-01-29','d.f06@hotmail.fr',NULL,NULL,NULL,'39000',NULL,NULL,'L’Espace Conseil France Rénov’ de l’Est Var a fermé ses portes depuis le 8 janvier 2025 et il n’y a plus à ce jour de conseiller pour vous accompagner localement.\r\n\r\nLa liste des principaux sites et contacts est disponible sur le site areve83.fr\r\n\r\nVous pouvez également contacter Dracénie Provence Agglomération\r\nTél : 04 94 50 16 20\r\nMail : dracenie.com/contact\r\n\r\nVoici malgré tout quelques informations générales liées à votre projet.',NULL,NULL,0,NULL,'2025-05-16 06:27:05','2025-05-16 06:27:05'),(20,'Feppon','Nadine','2025-01-27','n.nine013@gmail.com',NULL,NULL,'DPVA / CCPF',NULL,NULL,'Bonjour. \r\n\r\nNous venons d’acheter une maison avec une vieille cheminée à insert fermé et nous voulons la remplacer par un poêle à bois classé A. \r\n\r\nY a-t-il des aides financières pour effectuer ce changement ?\r\n\r\nSi oui y a-t-il des conditions de ressources ? \r\n\r\nEt quelles sont les démarches à effectuer pour obtenir ces aides financières.','L’Espace Conseil France Rénov’ de l’Est Var a fermé ses portes depuis le 8 janvier 2025 et il n’y a plus à ce jour de conseiller pour vous accompagner localement.\r\n\r\nLa liste des principaux sites et contacts est disponible sur le site areve83.fr\r\n\r\nVous pouvez également contacter Dracénie Provence Agglomération\r\nTél : 04 94 50 16 20\r\nMail : dracenie.com/contact\r\n\r\nVoici malgré tout quelques informations générales liées à votre projet.',NULL,NULL,0,NULL,'2025-05-16 06:28:04','2025-05-16 06:28:04'),(21,'Gourment','L','2025-05-16',NULL,NULL,NULL,'DPVA / CCPF',NULL,NULL,'Bonjour \r\nmerci de m\'indiquer les coordonnées d\'un Accompagnateur Rénove pour des travaux à réaliser sur la commune de La Motte 83920\r\nSalutations\r\nL Gourment','L’Espace Conseil France Rénov’ de l’Est Var a fermé ses portes depuis le 8 janvier 2025 et il n’y a plus à ce jour de conseiller pour vous accompagner localement.',NULL,NULL,0,NULL,'2025-05-16 06:28:46','2025-05-16 06:28:46'),(22,'Marciniak','Fabien','2025-02-01','fmarciniak62@hotmail.fr','06.25.03.34.71',NULL,'DPVA / CCPF',NULL,NULL,'Bonjour,\r\n\r\nNous souhaitons faire l’acquisition d’un bien immobilier sur les hauteurs de Draguignan. La maison est un R+1 de 165m2 composé de véranda pour 40m2 . Le bien date des années 1980, le chauffage est en clim réversible + 1 ou 2 radiateur. Il y a une cheminée, et l’eau chaude fourni par un ballon de 100L. L’électricité est a refaire (a remettre aux normes je pense). La maison est en simple vitrage quasi partout. \r\nJ’ai entendu parlé de «ma prime rénovée » mais je ne sais pas du tout ce que nous pourrions réaliser comme travaux et le prix d’une telle rénovation.\r\n\r\nEst-il possible d’avoir un RDV afin d’obtenir quelques renseignement.\r\n\r\nJe reste à votre disposition.','L’Espace Conseil France Rénov’ de l’Est Var a fermé ses portes depuis le 8 janvier 2025 et il n’y a plus à ce jour de conseiller pour vous accompagner localement.\r\n\r\nLa liste des principaux sites et contacts est disponible sur le site areve83.fr\r\n\r\nVous pouvez également contacter Dracénie Provence Agglomération\r\nTél : 04 94 50 16 20\r\nMail : dracenie.com/contact\r\n\r\nVoici malgré tout quelques informations générales liées à votre projet.',NULL,NULL,0,NULL,'2025-05-16 06:29:43','2025-05-16 06:29:43'),(23,'Pisani','Maryse','2025-01-30','mary6138@gmail.com','0648699963',NULL,'Fréjus',NULL,NULL,'Dans le cadre d une future acquisition sur la commune de Fréjus 83600, je souhaiterais connaître les conditions pour bénéficier des aides de ma prime rénov et leurs montants. \r\n\r\nNiveau du plafond de ressources et types de rénovation exigés ? : électricité, mode de chauffage, isolation, ouverture fenêtres.. Devis à l\'appui, entreprises RGE\r\n\r\nJe vous remercie pour votre réponse','L’Espace Conseil France Rénov’ de l’Est Var a fermé ses portes depuis le 8 janvier 2025 et il n’y a plus à ce jour de conseiller pour vous accompagner localement.\r\nLa liste des principaux sites et contacts est disponible sur le site areve83.fr\r\n\r\n\r\nVoici malgré tout quelques informations générales liées à votre projet.',NULL,NULL,0,NULL,'2025-05-16 06:31:04','2025-05-16 06:31:04'),(24,'Chau','Fanny','2025-01-23','fanny.chau@yahoo.fr','Inconnu','Inconnue','Fréjus',NULL,NULL,'Je suis propriétaire d\'un appartement à Fréjus et je souhaite changer mes baies vitrées afin d\'avoir une meilleure isolation.Je vous remercie de bien vouloir m\'indiquer quelles sont les démarches à suivre pour pouvoir bénéficier de Ma Prime Rénov.','L’Espace Conseil France Rénov’ de l’Est Var a fermé ses portes depuis le 8 janvier 2025 et il n’y a plus à ce jour de conseiller pour vous accompagner localement.La liste des principaux sites et contacts est disponible sur le site areve83.frVoici malgré tout quelques informations générales liées à votre projet.',NULL,'Appartement',0,NULL,'2025-05-16 06:32:43','2025-05-16 06:33:13'),(25,'Fritsch','Caroliine','2025-02-05','sunelectro@orange.fr','0494400625',NULL,'Roquebrune-sur-Argens','49873','3','J’ai essayé de faire un dossier d’aide pour mon client qui souhaite installer un chauffe-eau thermodynamique.\r\nIl a un revenu de 49873 avec 3 parts\r\nSur ma prime renov il m’indique de vous consulter.\r\nIl n’a pas droit à la prime juste au cee ? \r\nMerci pour votre retour\r\nCordialement \r\n \r\nCaroline FRITSCH\r\nAssistante de Direction \r\nSUN ELEC\r\n30 Rue des Entrepreneurs\r\nZAC RAPHELE\r\n83520 ROQUEBRUNE SUR ARGENS','Bonjour,\r\n\r\nL’Espace Conseil France Rénov’ de l’Est Var a fermé ses portes depuis le 8 janvier 2025 et il n’y a plus à ce jour de conseiller pour vous accompagner localement.\r\nLa liste des principaux sites et contacts est disponible sur le site areve83.fr\r\n\r\nVoici malgré tout quelques informations générales liées à votre projet.\r\n\r\nDans le cadre de travaux de rénovation énergétique, il existe trois types d’aides :\r\n-	Les aides de l’Etat qu’on appelle Ma Prime Renov’ par geste et le Parcours Accompagné (2 gestes d’isolation obligatoire + 2 sauts d’étiquette énergétique)\r\n-	L’aide des fournisseurs d’énergie qu’on appelle les CEE (certificats d’économie d’énergie) inclue dans le Parcours accompagné\r\n\r\n+ La TVA à 5,5 % pour les travaux de rénovation énergétique\r\n\r\nSi le nombre d’occupants du ménage est bien de 3 personnes pour 49 873€ de revenu fiscal de référence en 2023, il s’agit d’un ménage de catégorie « modeste ».\r\nSi les travaux concernent un chauffe-eau thermodynamique, l’aide de Ma Prime Rénov’ par geste est de 800€.\r\nPour une PAC Air-Eau, l’aide est de 4.000 €.\r\n\r\nCe ménage bénéficier aussi des CEE (Certificats d’Economie d’Energie) pour les travaux suivants : \r\n1 dossier par poste de travaux\r\nDemande de l’aide avec un devis non signé\r\nLe montant de l’aide des fournisseurs d’énergie CEE, diffère selon le fournisseur d’énergie que vous allez choisir et la date ; ex : Engie, EDF, TOTAL, Butagaz ou Antargaz ou grandes enseignes.\r\n\r\nIl faudra faire une simulation sur leur site et choisir ensuite l’aide la plus intéressante pour vous OU les CEE peuvent être déduits directement de la facture de l’artisan RGE, mandataire CEE.\r\n\r\nVoici des sites pour faire des simulations et après ouvrir un dossier pour faire la demande de subvention :\r\nEngie : https://www.monespaceprime.engie.fr/je-simule-ma-prime.html\r\nEDF : https://www.prime-energie-edf.fr/je-simule-ma-prime.html \r\nPrime Energie : https://www.primesenergie.fr/ \r\n\r\nVous n’êtes pas obligée de choisir le fournisseur d’énergie chez qui vous avez un contrat d’énergie.\r\n\r\nAfin d’être éligible aux aides, il faut respecter certains critères :\r\n-	L’entreprise ou l’artisan qui va réaliser les travaux doit être qualifier RGE « reconnu garant de l’environnement.\r\n-	Les demandes d’aides se font AVANT signature du devis pour les CEE.  Directement sur le site de MaPrimeRenov’  et sur le site du fournisseur que vous avez choisi.\r\n\r\n\r\nON COMMENCE DONC PAR (si projet par geste)\r\n1/ AVOIR LES DEVIS NON-SIGNES EN MAIN (artisans RGE)\r\n2/ DEMANDER LES CEE EN LIGNE VIA LE SITE CHOISI (devis non signé), récupérer l’acte d’engament des CEE qui sera à téléverser lors de la demande MPR.\r\n3/ DEMANDER MAPRIME RENOV’ VIA LE SITE : wwwmaprimerenov.gouv.fr – guide pas à pas en pj\r\nPour communiquer avec la plateforme MaPrimeRénov’ : téléphoner au 0808 800 700 \r\n4/ A RECEPTION DE LA NOTIFICATION DE MPR’ : EFFECTUER LES TRAVAUX\r\n5/ TRAVAUX EFFECTUES : TELEVERSEMENT DE LA FACTURE VIA LE SITE MPR’\r\n6/ ENVOYER LE DOSSIER CEE COMPLET AU CEE',NULL,NULL,0,NULL,'2025-05-16 06:36:11','2025-05-16 06:36:11'),(26,'Mazzu','Marina','2025-01-29','marina.mzu@icloud.com',NULL,NULL,'DPVA / CCPF',NULL,NULL,'e me permets de vous envoyer ce mail pour en savoir un peu plus sur la prime rénovation\r\nJ’ai acheté un appartement en janvier 2024 et le DPE est d’énergie E \r\nJ’ai commencé des travaux en changeant les fenêtres et l’isolations des murs, j’ai gardée les factures','Comme vous pouvez le voir à la page 13 du guide des aides en pièce jointe : Le particulier doit attendre de déposer sa demande de prime avant de réaliser ses travaux. Il est recommandé de réaliser ses travaux après avoir reçu la décision d’octroi de la prime par l’Anah, la subvention n’étant pas de droit.\r\nVous ne pourrez donc pas solliciter d’aide pour les travaux réalisés.\r\n\r\nSi vous souhaitez réaliser d’autres travaux par la suite, voici quelques informations complémentaires.',NULL,NULL,0,NULL,'2025-05-16 06:37:33','2025-05-16 06:37:33'),(27,'Slimani',NULL,'2025-01-16',NULL,NULL,NULL,'Saint-Raphaël',NULL,NULL,'Bonjour, je suis locataire d\'un HLM qui a plus de 15 ans , j\'ai de vieux radiateurs électriques et je voudrai savoir si je peux bénéficier d\'une aide pour changer mes radiateurs par des radiateurs à inertie qui sont plus économique ? Merci pour votre réponse.\r\nCordialement.','Les aides Ma Prime Rénov’ sont réservées aux propriétaires.\r\n\r\nEn revanche, vous pouvez bénéficier des aides des fournisseurs d’énergie, les CEE (Certificats d’Economie d’Energie), mais les montants sont faibles.\r\n\r\nLa demande de l’aide doit se faire avec un devis non signé\r\nLe montant de l’aide est différent selon le fournisseur d’énergie que vous allez choisir et la date ; ex : Engie, EDF, TOTAL, Butagaz ou Antargaz ou grandes enseignes.\r\n\r\nIl faudra faire une simulation sur leur site et choisir ensuite l’aide la plus intéressante pour vous OU alors les CEE peuvent être déduits directement de la facture de l’artisan.',NULL,NULL,0,NULL,'2025-05-16 06:38:49','2025-05-16 06:38:49'),(28,'Mathlouhi','Mouna','2025-05-16','mounamathlouthi2@gmail.com','0641203082',NULL,'DPVA / CCPF',NULL,NULL,'Je vous contacte pour savoir s’il possible de me donner des autre adresse ou je peut fair estimation des aides que je peut obtenir pour rénover ma maison sachant que j’habite a fayence 83440','Madame,\r\n\r\nL’Espace Conseil France Rénov’ de l’Est Var a fermé ses portes depuis le 8 janvier 2025 et il n’y a plus à ce jour de conseiller pour vous accompagner localement.\r\nLa liste des principaux sites et contacts est disponible sur le site areve83.fr\r\n\r\nVous pouvez également contacter la Communauté de Communes du Pays de Fayence\r\nTél : 04 94 76 02 03\r\nMail : contact@cc-paysdefayence.fr\r\n\r\n\r\nVoici malgré tout quelques informations générales liées à votre projet.\r\n\r\nDans le cadre de travaux de rénovation énergétique, il existe trois types d’aides nationales\r\n·	Les aides de l’Etat (je vous joins le guide des aides à jour en PJ ainsi que le guide pour effectuer les demandes) :\r\no	MaPrimeRenov’ par geste\r\no	Ma Prime Rénov’ Parcours Accompagné (nécessite 2 gestes d’isolation obligatoire + 2 sauts d’étiquette énergétique).\r\n·	L’aide des fournisseurs d’énergie qu’on appelle les CEE (certificats d’économie d’énergie) \r\n \r\n+ La TVA à 5,5 % pour les travaux de rénovation énergétique\r\n \r\nLe montant des aides dépend de votre catégorie, deux critères sont pris en compte : \r\n•	Le nombre de personnes dans le foyer fiscal\r\n•	Le Revenu fiscal de référence\r\nSelon votre catégorie, le montant des aides et les démarches diffèrent.\r\n\r\nLes montants ci-dessous correspondent aux « revenus fiscaux de référence » des personnes composant le ménage. Si vous avez des avis d’imposition distincts, le montant à prendre en compte est la somme de vos « revenus fiscaux de référence ».\r\n\r\n \r\n\r\n1) Concernant le montant des aides de l’Etat MaPrimeRenov’ par geste, les travaux doivent être réalisés par des artisans RGE, et fourni, posé.\r\n\r\n2) Vous pouvez bénéficier des aides des fournisseurs d’énergie, les CEE (Certificats d’Economie d’Energie) pour certains travaux.\r\n\r\nDemande de l’aide avec un devis non signé\r\nLe montant de l’aide des fournisseurs d’énergie CEE, diffère selon le fournisseur d’énergie que vous allez choisir et la date ; ex : Engie, EDF, TOTAL, Butagaz ou Antargaz ou grandes enseignes.\r\nIl faudra faire une simulation sur leur site et choisir ensuite l’aide la plus intéressante pour vous OU les CEE peuvent être déduits directement de la facture de l’artisan RGE, s’il est mandataire CEE.\r\nVoici des sites pour faire des simulations et après ouvrir un dossier pour faire la demande de subvention :\r\nEngie : https://www.monespaceprime.engie.fr/je-simule-ma-prime.html\r\nEDF : https://www.prime-energie-edf.fr/je-simule-ma-prime.html \r\nPrime Energie : https://www.primesenergie.fr/ \r\n\r\nVous n’êtes pas obligée de choisir le fournisseur d’énergie chez qui vous avez un contrat d’énergie.\r\n\r\nAfin d’être éligible aux aides, il faut respecter certains critères :\r\n-	L’entreprise ou l’artisan qui va réaliser les travaux doit être qualifier RGE « reconnu garant de l’environnement, ci-joint une liste d’artisans RGE locaux, vous pouvez également consulter le site : https://france-renov.gouv.fr/annuaire-rge\r\n-	Les demandes d’aides se font AVANT signature du devis pour les CEE.  Directement sur le site de MaPrimeRenov’  et sur le site du fournisseur que vous avez choisi.\r\n\r\n\r\nA FAIRE DANS L’ORDRE\r\n1.	ETABLIR LA LISTE DES TRAVAUX A REALISER (https://france-renov.gouv.fr/renovation)\r\n2.	AVOIR LES DEVIS NON-SIGNES EN MAIN (artisans RGE)\r\n3.	DEMANDER LES CEE EN LIGNE VIA LE SITE CHOISI (devis non signé), récupérer l’acte d’engament des CEE qui sera à téléverser lors de la demande MPR.\r\n4.	DEMANDER MAPRIME RENOV’ VIA LE SITE : MaPrimeRenov \r\nPour communiquer avec la plateforme MaPrimeRénov’ : téléphoner au 0808 800 700 \r\n5.	A RECEPTION DE LA NOTIFICATION DE MPR’ : EFFECTUER LES TRAVAUX\r\n6.	TRAVAUX EFFECTUES : TELEVERSEMENT DE LA FACTURE VIA LE SITE MPR’\r\n7.	ENVOYER LE DOSSIER CEE COMPLET AU CEE\r\n\r\nCordialement',NULL,NULL,0,NULL,'2025-05-16 06:39:46','2025-05-16 06:39:46'),(29,'Dupont','Martine','2025-01-17',NULL,'07 89 34 02 88',NULL,'DPVA / CCPF',NULL,NULL,'Bonjour, je viens d’acheter une maison à 83 920 La Motte.\r\n\r\nJ’envisage une grosse rénovation : fenêtre, électricité, pompe pompe à chaleur chaleur, clim réversible, Panneaux Solaires .\r\nEst-il possible d’être accompagné par un professionnel qui remplissent tous les dossiers de demande de prime ? \r\n\r\nMerci pour votre retour.\r\nBelle journée\r\nMartine Dupont','Madame,\r\n\r\nL’Espace Conseil France Rénov’ de l’Est Var a fermé ses portes depuis le 8 janvier 2025 et il n’y a plus à ce jour de conseiller pour vous accompagner localement.\r\n\r\nLa liste des principaux sites et contacts est disponible sur le site areve83.fr\r\n\r\nVous pouvez également contacter Dracénie Provence Agglomération\r\nTél : 04 94 50 16 20\r\nMail : dracenie.com/contact\r\n\r\nVoici malgré tout quelques informations générales liées à votre projet.\r\n\r\nComme vous pouvez le voir à la page 13 du guide des aides en pièce jointe : Le particulier doit attendre de déposer sa demande de prime avant de réaliser ses travaux. Il est recommandé de réaliser ses travaux après avoir reçu la décision d’octroi de la prime par l’Anah, la subvention n’étant pas de droit.\r\nVous ne pourrez donc pas solliciter d’aide pour les travaux réalisés.\r\n\r\nSi vous souhaitez réaliser d’autres travaux par la suite, voici quelques informations complémentaires.\r\nDans le cadre de travaux de rénovation énergétique, il existe trois types d’aides nationales\r\n·	Les aides de l’Etat (je vous joins le guide des aides à jour en PJ et le guide des demandeurs) :\r\no	MaPrimeRenov’ par geste\r\no	Ma Prime Rénov’ Parcours Accompagné (nécessite 2 gestes d’isolation obligatoire + 2 sauts d’étiquette énergétique).\r\n·	L’aide des fournisseurs d’énergie qu’on appelle les CEE (certificats d’économie d’énergie) \r\n \r\n+ La TVA à 5,5 % pour les travaux de rénovation énergétique\r\n \r\nLe montant des aides dépend de votre catégorie, deux critères sont pris en compte : \r\n•	Le nombre de personnes dans le foyer fiscal\r\n•	Le Revenu fiscal de référence\r\nSelon votre catégorie, le montant des aides et les démarches diffèrent.\r\n\r\nLes montants ci-dessous correspondent aux « revenus fiscaux de référence » des personnes composant le ménage. Si vous avez des avis d’imposition distincts, le montant à prendre en compte est la somme de vos « revenus fiscaux de référence ».\r\n\r\n \r\n\r\n1) Concernant le montant des aides de l’Etat MaPrimeRenov’ par geste, les travaux doivent être réalisés par des artisans RGE, et fourni, posé.\r\n\r\n2) Vous pouvez bénéficier des aides des fournisseurs d’énergie, les CEE (Certificats d’Economie d’Energie) pour certains travaux.\r\n\r\nDemande de l’aide avec un devis non signé\r\nLe montant de l’aide des fournisseurs d’énergie CEE, diffère selon le fournisseur d’énergie que vous allez choisir et la date ; ex : Engie, EDF, TOTAL, Butagaz ou Antargaz ou grandes enseignes.\r\nIl faudra faire une simulation sur leur site et choisir ensuite l’aide la plus intéressante pour vous OU les CEE peuvent être déduits directement de la facture de l’artisan RGE, s’il est mandataire CEE.\r\nVoici des sites pour faire des simulations et après ouvrir un dossier pour faire la demande de subvention :\r\nEngie : https://www.monespaceprime.engie.fr/je-simule-ma-prime.html\r\nEDF : https://www.prime-energie-edf.fr/je-simule-ma-prime.html \r\nPrime Energie : https://www.primesenergie.fr/ \r\n\r\nVous n’êtes pas obligée de choisir le fournisseur d’énergie chez qui vous avez un contrat d’énergie.\r\n\r\nAfin d’être éligible aux aides, il faut respecter certains critères :\r\n-	L’entreprise ou l’artisan qui va réaliser les travaux doit être qualifier RGE « reconnu garant de l’environnement, ci-joint une liste d’artisans RGE locaux, vous pouvez également consulter le site : https://france-renov.gouv.fr/annuaire-rge\r\n-	Les demandes d’aides se font AVANT signature du devis pour les CEE.  Directement sur le site de MaPrimeRenov’  et sur le site du fournisseur que vous avez choisi.\r\n\r\n\r\nA FAIRE DANS L’ORDRE\r\n1.	ETABLIR LA LISTE DES TRAVAUX A REALISER (https://france-renov.gouv.fr/renovation)\r\n2.	AVOIR LES DEVIS NON-SIGNES EN MAIN (artisans RGE)\r\n3.	DEMANDER LES CEE EN LIGNE VIA LE SITE CHOISI (devis non signé), récupérer l’acte d’engament des CEE qui sera à téléverser lors de la demande MPR.\r\n4.	DEMANDER MAPRIME RENOV’ VIA LE SITE : MaPrimeRenov \r\nPour communiquer avec la plateforme MaPrimeRénov’ : téléphoner au 0808 800 700 \r\n5.	A RECEPTION DE LA NOTIFICATION DE MPR’ : EFFECTUER LES TRAVAUX\r\n6.	TRAVAUX EFFECTUES : TELEVERSEMENT DE LA FACTURE VIA LE SITE MPR’\r\n7.	ENVOYER LE DOSSIER CEE COMPLET AU CEE',NULL,NULL,0,NULL,'2025-05-16 06:40:31','2025-05-16 06:40:31'),(30,'Finistrosa','Stéphane','2025-01-17','finistrosa@gmail.com',NULL,NULL,'DPVA / CCPF',NULL,NULL,'Je suis propriétaire d\'une maison mitoyenne construite il y a 20 ans de 93m² a Fayence.\r\nJe souhaiterai effectuer des travaux de rénovation afin d\'améliorer ma consommation énergétique ainsi que l\'isolation de la maison (isolation des combles, remplacement de la VMC simple flux par une double flux, pose d\'un poêle à granulés, possible remplacement des fenêtres et portes fenêtres). \r\n\r\nJe ne connais pas la procédure à mettre en place afin d\'étudier les possibilités d\'aide à la rénovation, pouvez vous m\'apporter des informations à ce sujet ?','Monsieur,\r\n\r\nL’Espace Conseil France Rénov’ de l’Est Var a fermé ses portes depuis le 8 janvier 2025 et il n’y a plus à ce jour de conseiller pour vous accompagner localement.\r\nLa liste des principaux sites et contacts est disponible sur le site areve83.fr\r\n\r\nVous pouvez également contacter la Communauté de Communes du Pays de Fayence\r\nTél : 04 94 76 02 03\r\nMail : contact@cc-paysdefayence.fr\r\n\r\n\r\nVoici malgré tout quelques informations générales liées à votre projet.\r\n\r\nDans le cadre de travaux de rénovation énergétique, il existe trois types d’aides nationales\r\n·	Les aides de l’Etat (je vous joins le guide des aides à jour en PJ ainsi que le guide pour effectuer les demandes) :\r\no	MaPrimeRenov’ par geste\r\no	Ma Prime Rénov’ Parcours Accompagné (nécessite 2 gestes d’isolation obligatoire + 2 sauts d’étiquette énergétique).\r\n·	L’aide des fournisseurs d’énergie qu’on appelle les CEE (certificats d’économie d’énergie) \r\n \r\n+ La TVA à 5,5 % pour les travaux de rénovation énergétique\r\n \r\nLe montant des aides dépend de votre catégorie, deux critères sont pris en compte : \r\n•	Le nombre de personnes dans le foyer fiscal\r\n•	Le Revenu fiscal de référence\r\nSelon votre catégorie, le montant des aides et les démarches diffèrent.\r\n\r\nLes montants ci-dessous correspondent aux « revenus fiscaux de référence » des personnes composant le ménage. Si vous avez des avis d’imposition distincts, le montant à prendre en compte est la somme de vos « revenus fiscaux de référence ».\r\n\r\n \r\n\r\n1) Concernant le montant des aides de l’Etat MaPrimeRenov’ par geste, les travaux doivent être réalisés par des artisans RGE, et fourni, posé.\r\n\r\n2) Vous pouvez bénéficier des aides des fournisseurs d’énergie, les CEE (Certificats d’Economie d’Energie) pour certains travaux.\r\n\r\nDemande de l’aide avec un devis non signé\r\nLe montant de l’aide des fournisseurs d’énergie CEE, diffère selon le fournisseur d’énergie que vous allez choisir et la date ; ex : Engie, EDF, TOTAL, Butagaz ou Antargaz ou grandes enseignes.\r\nIl faudra faire une simulation sur leur site et choisir ensuite l’aide la plus intéressante pour vous OU les CEE peuvent être déduits directement de la facture de l’artisan RGE, s’il est mandataire CEE.\r\nVoici des sites pour faire des simulations et après ouvrir un dossier pour faire la demande de subvention :\r\nEngie : https://www.monespaceprime.engie.fr/je-simule-ma-prime.html\r\nEDF : https://www.prime-energie-edf.fr/je-simule-ma-prime.html \r\nPrime Energie : https://www.primesenergie.fr/ \r\n\r\nVous n’êtes pas obligée de choisir le fournisseur d’énergie chez qui vous avez un contrat d’énergie.\r\n\r\nAfin d’être éligible aux aides, il faut respecter certains critères :\r\n-	L’entreprise ou l’artisan qui va réaliser les travaux doit être qualifier RGE « reconnu garant de l’environnement, ci-joint une liste d’artisans RGE locaux, vous pouvez également consulter le site : https://france-renov.gouv.fr/annuaire-rge\r\n-	Les demandes d’aides se font AVANT signature du devis pour les CEE.  Directement sur le site de MaPrimeRenov’  et sur le site du fournisseur que vous avez choisi.\r\n\r\n\r\nA FAIRE DANS L’ORDRE\r\n1.	ETABLIR LA LISTE DES TRAVAUX A REALISER (https://france-renov.gouv.fr/renovation)\r\n2.	AVOIR LES DEVIS NON-SIGNES EN MAIN (artisans RGE)\r\n3.	DEMANDER LES CEE EN LIGNE VIA LE SITE CHOISI (devis non signé), récupérer l’acte d’engament des CEE qui sera à téléverser lors de la demande MPR.\r\n4.	DEMANDER MAPRIME RENOV’ VIA LE SITE : MaPrimeRenov \r\nPour communiquer avec la plateforme MaPrimeRénov’ : téléphoner au 0808 800 700 \r\n5.	A RECEPTION DE LA NOTIFICATION DE MPR’ : EFFECTUER LES TRAVAUX\r\n6.	TRAVAUX EFFECTUES : TELEVERSEMENT DE LA FACTURE VIA LE SITE MPR’\r\n7.	ENVOYER LE DOSSIER CEE COMPLET AU CEE\r\n\r\nCordialement',NULL,NULL,0,NULL,'2025-05-16 06:41:15','2025-05-16 06:41:15'),(31,'Orilia','Laurence','2025-02-11','orilialaurence@gmail.com','0637264357',NULL,'DPVA / CCPF',NULL,NULL,'Je souhaite changer ma clim réversible qui a 20 ans et qui consomme un maximum. Ai je droit à des aides.','Madame,\r\n\r\nMalheureusement je ne travaille pas dans votre agglomération et je ne suis pas conseiller énergie.\r\n\r\nL’Espace Conseil France Rénov’ de l’Est Var a en effet fermé ses portes depuis le 8 janvier 2025 et il n’y a plus à ce jour de conseiller pour vous accompagner localement.\r\n\r\nLa liste des principaux sites et contacts est disponible sur le site areve83.fr\r\n\r\nVous pouvez également contacter Dracénie Provence Agglomération\r\nTél : 04 94 50 16 20\r\nMail : dracenie.com/contact\r\n\r\nVoici également quelques informations générales liées aux aides financières.\r\nJe vous joins le guide des aides à jour et le guide pas à pas pour Ma Prime Rénov ».\r\n\r\nDans le cadre de travaux de rénovation énergétique, il existe trois types d’aides nationales\r\n·	Les aides de l’Etat (je vous joins le guide des aides à jour en PJ et le guide des demandeurs) :\r\no	MaPrimeRenov’ par geste\r\no	Ma Prime Rénov’ Parcours Accompagné (nécessite 2 gestes d’isolation obligatoire + 2 sauts d’étiquette énergétique).\r\n·	L’aide des fournisseurs d’énergie qu’on appelle les CEE (certificats d’économie d’énergie) \r\n \r\n+ La TVA à 5,5 % pour les travaux de rénovation énergétique\r\n \r\nLe montant des aides dépend de votre catégorie, deux critères sont pris en compte : \r\n•	Le nombre de personnes dans le foyer fiscal\r\n•	Le Revenu fiscal de référence\r\nSelon votre catégorie, le montant des aides et les démarches diffèrent.\r\n\r\nLes montants ci-dessous correspondent aux « revenus fiscaux de référence » des personnes composant le ménage. Si vous avez des avis d’imposition distincts, le montant à prendre en compte est la somme de vos « revenus fiscaux de référence ».\r\n\r\n \r\n\r\n1) Concernant le montant des aides de l’Etat MaPrimeRenov’ par geste, les travaux doivent être réalisés par des artisans RGE, et fourni, posé.\r\n\r\n2) Vous pouvez bénéficier des aides des fournisseurs d’énergie, les CEE (Certificats d’Economie d’Energie) pour certains travaux.\r\n\r\nDemande de l’aide avec un devis non signé\r\nLe montant de l’aide des fournisseurs d’énergie CEE, diffère selon le fournisseur d’énergie que vous allez choisir et la date ; ex : Engie, EDF, TOTAL, Butagaz ou Antargaz ou grandes enseignes.\r\nIl faudra faire une simulation sur leur site et choisir ensuite l’aide la plus intéressante pour vous OU les CEE peuvent être déduits directement de la facture de l’artisan RGE, s’il est mandataire CEE.\r\nVoici des sites pour faire des simulations et après ouvrir un dossier pour faire la demande de subvention :\r\nEngie : https://www.monespaceprime.engie.fr/je-simule-ma-prime.html\r\nEDF : https://www.prime-energie-edf.fr/je-simule-ma-prime.html \r\nPrime Energie : https://www.primesenergie.fr/ \r\n\r\nVous n’êtes pas obligée de choisir le fournisseur d’énergie chez qui vous avez un contrat d’énergie.\r\n\r\nAfin d’être éligible aux aides, il faut respecter certains critères :\r\n-	L’entreprise ou l’artisan qui va réaliser les travaux doit être qualifier RGE « reconnu garant de l’environnement, ci-joint une liste d’artisans RGE locaux, vous pouvez également consulter le site : https://france-renov.gouv.fr/annuaire-rge\r\n-	Les demandes d’aides se font AVANT signature du devis pour les CEE.  Directement sur le site de MaPrimeRenov’  et sur le site du fournisseur que vous avez choisi.\r\n\r\n\r\nA FAIRE DANS L’ORDRE\r\n1.	ETABLIR LA LISTE DES TRAVAUX A REALISER (https://france-renov.gouv.fr/renovation)\r\n2.	AVOIR LES DEVIS NON-SIGNES EN MAIN (artisans RGE)\r\n3.	DEMANDER LES CEE EN LIGNE VIA LE SITE CHOISI (devis non signé), récupérer l’acte d’engament des CEE qui sera à téléverser lors de la demande MPR.\r\n4.	DEMANDER MAPRIME RENOV’ VIA LE SITE : MaPrimeRenov \r\nPour communiquer avec la plateforme MaPrimeRénov’ : téléphoner au 0808 800 700 \r\n5.	A RECEPTION DE LA NOTIFICATION DE MPR’ : EFFECTUER LES TRAVAUX\r\n6.	TRAVAUX EFFECTUES : TELEVERSEMENT DE LA FACTURE VIA LE SITE MPR’\r\n7.	ENVOYER LE DOSSIER CEE COMPLET AU CEE',NULL,NULL,0,NULL,'2025-05-16 06:42:36','2025-05-16 06:42:36'),(32,'Roger','Sophie','2025-02-06','sroger@mood-conseil.fr','0687452316',NULL,'Saint-Raphaël',NULL,NULL,'Je rénove actuellement mon appartement dans une résidence qui a 100 ans. Je suis en DPE E. Quelles aides puis je avoir pour isoler mes murs et changer de chauffe eau ?','Bonjour\r\n\r\nL’Espace Conseil France Rénov’ de l’Est Var a fermé ses portes depuis le 8 janvier 2025 et il n’y a plus à ce jour de conseiller pour vous accompagner localement.\r\nLa liste des principaux sites et contacts est disponible sur le site areve83.fr\r\n\r\n\r\nVoici malgré tout quelques informations générales liées à votre projet.\r\n\r\nDans le cadre de travaux de rénovation énergétique, il existe trois types d’aides nationales\r\n·	Les aides de l’Etat :\r\no	MaPrimeRenov’ par geste\r\no	Ma Prime Rénov’ Parcours Accompagné (nécessite 2 gestes d’isolation obligatoire + 2 sauts d’étiquette énergétique).\r\n·	L’aide des fournisseurs d’énergie qu’on appelle les CEE (certificats d’économie d’énergie) \r\n \r\n+ La TVA à 5,5 % pour les travaux de rénovation énergétique.\r\n\r\nJe vous joins le guide des aides à jour en PJ et le guide des demandeurs Ma Prime Rénov’ pour vous orienter.\r\n\r\nPour connaître votre catégorie, deux critères sont pris en compte : \r\n•	Le nombre de personnes dans le foyer fiscal\r\n•	Le Revenu fiscal de référence\r\nSelon votre catégorie, le montant des aides et les démarches diffèrent.\r\n\r\nLes montants ci-dessous correspondent aux « revenus fiscaux de référence » des personnes composant le ménage. Si vous avez des avis d’imposition distincts, le montant à prendre en compte est la somme de vos « revenus fiscaux de référence ».\r\n\r\n \r\n\r\n1) Concernant le montant des aides de l’Etat MaPrimeRenov’ par geste, les travaux doivent être réalisés par des artisans RGE, et fourni, posé.\r\n\r\n2) Vous pouvez bénéficier des aides des fournisseurs d’énergie, les CEE (Certificats d’Economie d’Energie) pour certains travaux.\r\n\r\nDemande de l’aide avec un devis non signé\r\nLe montant de l’aide des fournisseurs d’énergie CEE, diffère selon le fournisseur d’énergie que vous allez choisir et la date ; ex : Engie, EDF, TOTAL, Butagaz ou Antargaz ou grandes enseignes.\r\nIl faudra faire une simulation sur leur site et choisir ensuite l’aide la plus intéressante pour vous OU les CEE peuvent être déduits directement de la facture de l’artisan RGE, s’il est mandataire CEE.\r\nVoici des sites pour faire des simulations et après ouvrir un dossier pour faire la demande de subvention :\r\nEngie : https://www.monespaceprime.engie.fr/je-simule-ma-prime.html\r\nEDF : https://www.prime-energie-edf.fr/je-simule-ma-prime.html \r\nPrimes Energie : Simulation prime énergie - Calculez votre prime énergie !\r\n\r\nVous n’êtes pas obligée de choisir le fournisseur d’énergie chez qui vous avez un contrat d’énergie.\r\n\r\nAfin d’être éligible aux aides, il faut respecter certains critères :\r\n-	L’entreprise ou l’artisan qui va réaliser les travaux doit être qualifier RGE « reconnu garant de l’environnement, ci-joint une liste d’artisans RGE locaux, vous pouvez également consulter le site : https://france-renov.gouv.fr/annuaire-rge\r\n-	Les demandes d’aides se font AVANT signature du devis pour les CEE.  Directement sur le site de MaPrimeRenov’  et sur le site du fournisseur que vous avez choisi.\r\n\r\n\r\nA FAIRE DANS L’ORDRE\r\n1.	ETABLIR LA LISTE DES TRAVAUX A REALISER (https://france-renov.gouv.fr/renovation)\r\n2.	AVOIR LES DEVIS NON-SIGNES EN MAIN (artisans RGE)\r\n3.	DEMANDER LES CEE EN LIGNE VIA LE SITE CHOISI (devis non signé), récupérer l’acte d’engament des CEE qui sera à téléverser lors de la demande MPR.\r\n4.	DEMANDER MAPRIME RENOV’ VIA LE SITE : MaPrimeRenov \r\nPour communiquer avec la plateforme MaPrimeRénov’ : téléphoner au 0808 800 700 \r\n5.	A RECEPTION DE LA NOTIFICATION DE MPR’ : EFFECTUER LES TRAVAUX\r\n6.	TRAVAUX EFFECTUES : TELEVERSEMENT DE LA FACTURE VIA LE SITE MPR’\r\n7.	ENVOYER LE DOSSIER CEE COMPLET AU CEE',NULL,NULL,0,NULL,'2025-05-16 06:44:14','2025-05-16 06:44:14'),(33,'Blouin','Christelle','2025-02-11','christelleblouin01@gmail.com','0617971710',NULL,'DPVA / CCPF','43209','3','Merci de me proposer un rendez-vous afin de vérifier mes demandes d’aides pour :\r\n- l’installation Chauffe eau Thermodynamique, en remplacements de chauffes eau vétustes.\r\n- l’isolation par les murs extérieurs de notre bâtiment: car lieux mal isolé (DPE E).\r\n- Climatisation Réversible logement 150m2 (actuellement vieille cheminée et convecteurs électriques )\r\nNotre revenu fiscal correspond au barème violet (3 parts / Revenu brut global: 43 209€)\r\nJ’ai appelé votre service et vos services ont besoin des devis correspondants à mettre en ligne sur le site Ma Prime Rénov’.\r\nCependant j’aurais besoin également de savoir si la société de mon mari qui se trouve dans le même lieux que notre logement personnel peux également  \r\nbénéficier d’aides pour un nouveau système de chauffage.','Madame,\r\n\r\nL’Espace Conseil France Rénov’ de l’Est Var ayant fermé ses portes depuis le 8 janvier 2025, il n’y a plus à ce jour de conseiller pour vous accompagner sur Lorgues.\r\n\r\nLa liste des principaux sites et contacts pouvant vous aider est disponible sur le site areve83.fr\r\nVous pouvez également contacter Dracénie Provence Agglomération : Tél : 04 94 50 16 20 / Mail : dracenie.com/contact\r\n\r\nPour votre cas particulier, sachez que les aides sont destinées aux particuliers propriétaires de leur logement. \r\nLes aides de l’ANAH ne sont pas disponibles pour les sociétés, type SAS, mais seulement pour les SCI dans certains cas.\r\nJe vous joins le guide des aides à jour et le guide pas à pas pour « Ma Prime Rénov » pour plus de détails.\r\n\r\nVoici également quelques informations générales liées aux aides financières.\r\n\r\nDans le cadre de travaux de rénovation énergétique, il existe trois types d’aides nationales\r\n·	Les aides de l’Etat (je vous joins le guide des aides à jour en PJ et le guide des demandeurs) :\r\no	MaPrimeRenov’ par geste\r\no	Ma Prime Rénov’ Parcours Accompagné (nécessite 2 gestes d’isolation obligatoire + 2 sauts d’étiquette énergétique).\r\n·	L’aide des fournisseurs d’énergie qu’on appelle les CEE (certificats d’économie d’énergie) \r\n \r\n+ La TVA à 5,5 % pour les travaux de rénovation énergétique\r\n \r\nLe montant des aides dépend de votre catégorie, deux critères sont pris en compte : \r\n•	Le nombre de personnes dans le foyer fiscal\r\n•	Le Revenu fiscal de référence\r\nSelon votre catégorie, le montant des aides et les démarches diffèrent.\r\n\r\nLes montants ci-dessous correspondent aux « revenus fiscaux de référence » des personnes composant le ménage. Si vous avez des avis d’imposition distincts, le montant à prendre en compte est la somme de vos « revenus fiscaux de référence ».\r\n\r\n \r\n\r\n1) Concernant le montant des aides de l’Etat MaPrimeRenov’ par geste, les travaux doivent être réalisés par des artisans RGE, et fourni, posé.\r\n\r\n2) Vous pouvez bénéficier des aides des fournisseurs d’énergie, les CEE (Certificats d’Economie d’Energie) pour certains travaux.\r\n\r\nDemande de l’aide avec un devis non signé\r\nLe montant de l’aide des fournisseurs d’énergie CEE, diffère selon le fournisseur d’énergie que vous allez choisir et la date ; ex : Engie, EDF, TOTAL, Butagaz ou Antargaz ou grandes enseignes.\r\nIl faudra faire une simulation sur leur site et choisir ensuite l’aide la plus intéressante pour vous OU les CEE peuvent être déduits directement de la facture de l’artisan RGE, s’il est mandataire CEE.\r\nVoici des sites pour faire des simulations et après ouvrir un dossier pour faire la demande de subvention :\r\nEngie : https://www.monespaceprime.engie.fr/je-simule-ma-prime.html\r\nEDF : https://www.prime-energie-edf.fr/je-simule-ma-prime.html \r\nPrime Energie : https://www.primesenergie.fr/ \r\n\r\nVous n’êtes pas obligée de choisir le fournisseur d’énergie chez qui vous avez un contrat d’énergie.\r\n\r\nAfin d’être éligible aux aides, il faut respecter certains critères :\r\n-	L’entreprise ou l’artisan qui va réaliser les travaux doit être qualifier RGE « reconnu garant de l’environnement, ci-joint une liste d’artisans RGE locaux, vous pouvez également consulter le site : https://france-renov.gouv.fr/annuaire-rge\r\n-	Les demandes d’aides se font AVANT signature du devis pour les CEE.  Directement sur le site de MaPrimeRenov’  et sur le site du fournisseur que vous avez choisi.\r\n\r\n\r\nA FAIRE DANS L’ORDRE\r\n1.	ETABLIR LA LISTE DES TRAVAUX A REALISER (https://france-renov.gouv.fr/renovation)\r\n2.	AVOIR LES DEVIS NON-SIGNES EN MAIN (artisans RGE)\r\n3.	DEMANDER LES CEE EN LIGNE VIA LE SITE CHOISI (devis non signé), récupérer l’acte d’engament des CEE qui sera à téléverser lors de la demande MPR.\r\n4.	DEMANDER MAPRIME RENOV’ VIA LE SITE : MaPrimeRenov \r\nPour communiquer avec la plateforme MaPrimeRénov’ : téléphoner au 0808 800 700 \r\n5.	A RECEPTION DE LA NOTIFICATION DE MPR’ : EFFECTUER LES TRAVAUX\r\n6.	TRAVAUX EFFECTUES : TELEVERSEMENT DE LA FACTURE VIA LE SITE MPR’\r\n7.	ENVOYER LE DOSSIER CEE COMPLET AU CEE',NULL,NULL,0,NULL,'2025-05-16 06:47:51','2025-05-16 06:47:51'),(34,'Timmermans','Audrey','2025-01-29','audrey.timmermans@chi-fsr.fr',NULL,NULL,'Fréjus',NULL,NULL,'Madame, Monsieur, bonjour,\r\n\r\nJe suis propriétaire d\'un appartement en copropriété à Fréjus centre. De nombreux travaux ont été votés pour cet immeuble très ancien. Les charges sont très importantes et je ne peux plus supporter ce coût. \r\n\r\nPensez-vous que notre syndic puisse obtenir une ide financière ?\r\n\r\nEn vous remerciant.','Bonjour Madame,\r\nPouvez-vous me donner le nom et l’adresse de la copropriété et m’indiquer quels sont les travaux qui ont été votés ?\r\nCordialement,',NULL,NULL,0,NULL,'2025-05-16 06:48:44','2025-05-16 06:48:44'),(35,'Carletto','Christine','2025-02-15','christinecarletto1@icloud.com',NULL,NULL,'Fréjus',NULL,NULL,'Je souhaiterai avoir un rendez-vous avec un conseiller car j’envisage une isolation extérieure de ma maison qui comprend 2 appartements : 1 classé D que j’occupe et l’autre classé E que je loue.\r\n> \r\n> J’avais déjà pris contact avec vos services, il y a 2 ou 3 ans','Afin de vous aider au mieux dans votre projet, je vous invite à remplir ce formulaire : https://forms.office.com/e/6qcQrKESLQ\r\nJe reviendrai vers vous dès que possible.\r\nJe vous joins le guide des aides à jour et vous trouverez la liste des principaux sites officiels sur le site areve83.fr\r\n+ mail envoyé ANAH le 18/02\r\n\r\nRéponse ANAH\r\nBonjour Monsieur VITEAU,\r\n \r\nPar votre courriel du 18/02/2025, vous souhaitez connaître les conditions d\'éligibilité à la prime MaPrimeRénov’.\r\n \r\nMaPrimeRenov\' est une aide pour les rénovations à l\'échelle du logement, dans la limite de quatre logements maximum par propriétaire (3 logements loués et un logement à titre de résidence principale). \r\nDans le cadre d\'une maison pavillonnaire divisée en plusieurs logements, l\'isolation des murs par l\'extérieur, l\'installation d\'un système de chauffage commun à tous les logements, etc. ne sont pas éligibles à MaPrimeRénov\'\r\n \r\nSi vous ne pouvez pas bénéficier de la prime MaPrimeRénov’, nous vous invitons à découvrir d’autres solutions pour financer vos travaux et/ou projets :\r\n- En vous informant via le simulateur Rénov\' :\r\nhttps://france-renov.gouv.fr/aides/simulation#/. Pour rappel, le calcul de la prime est identique que vous soyez propriétaire occupant ou bailleur,\r\n- Ou en vous renseignant auprès de l\'Espace Conseil France Rénov. ( site france-renov.gouv.fr ou au 0808 800 700) qui vous aidera gratuitement à choisir les solutions techniques adaptées, à estimer le budget nécessaire et à identifier les autres aides financières dont vous pouvez bénéficier.\r\n \r\nPour toute nouvelle demande, nous vous invitons à nous contacter via le formulaire de contact que vous trouverez dans la rubrique « Besoin d’aide ? » sur le site www.maprimerenov.gouv.fr\r\n \r\nCordialement,\r\nL\'équipe du Service de Gestion des Aides et de la Relation Usagers de l’ANAH\r\n\r\nRéponse suite\r\nBonjour Monsieur,\r\n\r\nC’est une maison qui a 2 appartements :\r\n1 appartement au 1er étage que j’occupe en tant que propriétaire \r\n1 appartement au rez-de-chaussée que je loue.\r\n\r\nIl me semble d’après vos dires que je rentre dans les critères d’éligibilité?\r\n\r\nJ’avais aussi une autre question.\r\n\r\nL’installation d’une Pompe à Chaleur air/air bénéficie t’elle d’une aide, en sachant que je viens de changer, dans les 2 logements, la vieille chaudière (2010) pour une chaudière à condensation donc moins énergivore.\r\n\r\nPouvez-vous me dire où vous vous situez.\r\n\r\nCordialement,\r\n\r\nChristine Carletto',NULL,'Demande transmise ANAH',0,NULL,'2025-05-16 06:50:06','2025-05-16 06:50:06'),(36,'Beck','Timothée','2025-02-25','timothee.beck@gmail.com',NULL,NULL,'Puget-sur-Argens',NULL,NULL,'Je suis propriétaire du deuxième étage de la maison de village. Les deux autres appartements étant à une autre personne.\r\nJ\'ai commencé une restauration lourde, c\'est-à-dire qu\'à son point le plus avancé, il n\'y avait plus de sol ni de plafond. Il restait les poutres de structure et les tuiles.\r\nMon ordre de mutation est arrivé pendant le chantier qui s\'est donc considérablement ralenti. Il n\'y a donc pas de locataire, et je ne l\'occupe pas, étant en île-de-France. Et de toute manière, il n\'est pas habitable en l\'état.\r\nJe souhaite ainsi procéder à l\'ITE par sarking et remplacer deux des lucarnes plates par des Velux. Éventuellement d\'autres choses, mais bon, l\'argent n\'est pas gratuit non plus.','Le logement étant sur le territoire d’Estérel Côte d’Azur Agglomération, c’est bien à moi qu’il faut s’adresser.\r\nJe vous laisse revenir vers moi, ou la personne qui réside sur place, pour vos questions.\r\nJe fais une permanence 1 vendredi sur 2 à Saint-Raphaël (prochaine permanence le 7/03)\r\nLes rendez-vous se prennent sur ce mail.\r\nOn peut aussi échanger par mail ou téléphone selon vos questions.\r\n\r\n\r\nJe vous laisse revenir vers moi si vous avez des questions particulières\r\nAvant cela il faudra m’indiquer votre statut (propriétaire occupant, bailleur…), résidence principale ou non, revenu fiscal et nombre de personnes dans le foyer….\r\nIl y a un formulaire en ligne avec l’ensemble des renseignements nécessaires : https://forms.office.com/e/6qcQrKESLQ\r\n\r\nCordialement,',NULL,NULL,0,NULL,'2025-05-16 06:50:51','2025-05-16 06:50:51'),(37,'Elias','Emmanuel','2025-02-26','juvalem.elias@gmail.com',NULL,NULL,'Fréjus',NULL,NULL,'J’ai eu jusqu’à aujourd’hui des revenus Confortables Mais professionnel libéral en arrêt de travail, et sans indemnisation, je me retrouve contraint de démissionner de mon poste et de ne plus avoir de revenus du tout. C’est pour cette raison que je sollicite une aide financière ( ‘j’ai en moyenne 375 euros / mois de facture d’électricité ).','Selon les propriétés de votre logement (isolation, type de chauffage, menuiseries), il peut être plus intéressant de réaliser des travaux de rénovation que d’installer des panneaux photovoltaïques pour réaliser des économies d’énergie. Surtout que les travaux de rénovation peuvent bénéficier d’aides. Revenez vers moi si vous souhaitez vous orienter vers ces solutions.\r\nCordialement,\r\nConcernant le photovoltaïque :\r\nIl n’y a pas d’aide de l’Etat pour l’installation de panneaux solaires photovoltaïques, ni de prêt à taux 0.\r\nIl existe des aides uniquement pour les panneaux solaires thermiques (pour l’eau chaude sanitaire et le chauffage dans le cas de Système Solaire Combiné ou de système hybrides). \r\n* Certaines banques proposent des prêts pour l’installation de PSPV. (Crédit agricole)\r\n \r\nPour les panneaux photovoltaïques, la seule contribution est la prime sur l’investissement, qui est versée automatiquement par le fournisseur d’énergie, obligation d’achat en même temps que vos revenus générés par la vente en surplus (regarder si elle est stipulée dans le contrat)\r\n- La prime à l’investissement est dégressive et variable en fonction de la puissance de l’installation.\r\n- Pour pouvoir bénéficier à cette aide publique, le recours à une entreprise qualifiée est obligatoire (QUALIPV & RGE)\r\n- Vous bénéficiez aussi d’une TVA à 10% pour une installation photovoltaïque d’une puissance inférieure ou égal à 3Kwc. La maison doit avoir au moins deux ans, ce qui est votre cas.\r\n- Il est possible de bénéficier d’une exonération d’impôt sur le revenu si votre installation remplit 3 conditions suivantes :\r\n- Sa puissance est inférieure à 3KWC\r\n- Elle est raccordée au réseau public en 2 points au plus\r\n- Elle n’est pas affectée à l’exercice d’une activité professionnelle\r\n- Les installations photovoltaïques autoconsommation et vente de surplus, généralement n’ont pas besoin d’être supérieur à une puissance de 3KWC, à moins d’avoir une grosse consommation d’électricité au sein de la maison. \r\n\r\nVENTE DU SURPLUS\r\n- Selon la quantité d\'électricité en excédent, il faut envisager la vente du surplus :\r\n- Surplus ≤ 10 %, les kWh peuvent ne pas être vendus sans remettre en cause le modèle économique ;\r\n- Surplus entre 10 et 20%, les kWh peuvent être valorisés à un prix de marché (5 c€/kWh)\r\n- Surplus supérieur à 20 %, les kWh doivent être valorisés à un prix supérieur au prix de marché (10 à 15 c/kWh)\r\n -> Installation de panneaux solaires : vous avez droit à des aides ! | economie.gouv.fr\r\n \r\nLes tarifs d’achat sont fixés par arrêté et évoluent chaque trimestre :\r\nhttps://www.photovoltaique.info/fr/tarifs-dachat-et-autoconsommation/tarifs-dachat/arrete-tarifaire-en-vigueur/conditions-dapplication/ \r\n\r\nEx pour une installation de ≤ 3 kWc\r\n0.26 cts x 3000 W = 780 €\r\n \r\nLes particuliers qui possèdent une installation photovoltaïque d’une puissance inférieure à 3 kWc sont exonérés d’impôts sur les revenus issus de la revente des kWh au fournisseur d’énergie. Cependant, cet avantage fiscal est soumis à des conditions et ne vous dispense pas de faire une déclaration annuelle aux impôts.\r\n \r\nSi l’installation solaire a une puissance supérieure à 3 kWc, vous êtes imposable sur le revenu généré par la vente de cette électricité. On distingue dans ce cas deux cas de figure, en fonction du montant que vous avez à déclarer.\r\n \r\nVous déclarez alors vos revenus comme étant des Bénéfices Industriels et Commerciaux non professionnels. La déclaration s\'effectue en même temps que la déclaration de vos autres revenus, une fois par an, via un formulaire papier prérempli (formulaire 2042C) ou directement en ligne sur le site impots.gouv.\r\nQuelques liens pour vous aider : \r\nconseils-thermiques.org/contenu/rentabilite-panneau-solaire.php\r\nconseils-thermiques.org/contenu/arnaque-panneau-solaire.php\r\nconseils-thermiques.org/contenu/arnaque-photovoltaique.php\r\nconseils-thermiques.org/contenu/aide-panneau-solaire.php\r\nL’autoconsommation : https://youtu.be/SVaowrMKIhM?si=vsLCSi5CsOcQCp9v\r\nPanneaux Polycristallins VS Panneaux Monocristallins : conseils-thermiques.org/contenu/meilleur-panneau-solaire.php#2\r\nCalculer sa production solaire / https://conseils-thermiques.org/contenu/outil-calcul-production-solaire.php\r\nOutil simulation PV / évaluation devis : evaluer-mon-devis.photovoltaique.info/',NULL,NULL,0,NULL,'2025-05-16 06:51:31','2025-05-16 06:51:31'),(38,'Legrand','Robert','2025-02-24','easy1@club-internet.fr','0607030209','Le Trayas','Saint-Raphaël',NULL,'2','remplacement chaudière fioul par PAC Air/eau','Bonjour Monsieur VITEAU Merci pour l’accueil de mon épouse et de mon fils Ces renseignements seront très utiles Vous aviez proposé de nous fournir une liste de sociétés ou d\'artisans locauxs éruieux installant des pompes à chaleur,merci de me la faire parvenir Robert LEGRAND 06 07 03 02 09 Le 10/03/2025 à 09:18, renovation a écrit : Madame, Monsieur,   Suite à notre rendez-vous du 07/03, vous trouverez ci-après le compte-rendu. Projet : remplacement chaudière fioul par PAC Air/eau   Rappel : il n’y a pas de date limite pour supprimer une chaudière fioul mais vous ne pouvez plus en installer. Vous pouvez malgré tout la faire réparer et entretenir sans date limite.   Malgré tout, pour des raisons écologiques, économiques et de confort, vous pouvez envisager son remplacement, et la pac air/eau est la solution optimale.   Vous trouverez en PJ les recommandations pour vous assurer un enlèvement de la cuve conforme aux textes et un résumé des aides disponibles.   Comme je vous l’indiquais : 1.	Faites évaluer l’isolation de vos combles et de vos murs. Si jamais vous devez isoler, il faut le faire avant de changer le système de chauffage. Sinon vous devrez surdimensionner votre chaudière pour compenser. 2.	Privilégiez une chaudière basse température, mais cela peut nécessiter un changement de radiateurs (à « chaleur douce »). Une pac air /eau de moyenne température (50 à 60°) peut fonctionner avec vos radiateurs classiques existants. 3.	Une PAC air/eau réversible peut également assurer le rafraichissement en été, en faisant circuler de l’eau fraiche dans les radiateurs ou un plancher chauffant mais on parle de rafraichissement plus que de refroidissement. 4.	Pensez à la VMC qui vous assurera un air plus sain, évite l’accumulation de polluants, d’humidité et d’odeurs. Par ailleurs la VMC joue un role crucial dans le maintien du confort thermique, en stabilisant la température ambiante et en éviatnt les courants d’air froids ou chauds.   Restant à votre disposition.',NULL,'Rdv France Service 7/03',0,'pieces_jointes/AY6bQMNM9aRSN1XeXYVkGKN8OzeWHFmjcJfsdbE0.docx','2025-05-16 06:52:39','2025-05-16 07:38:08'),(39,'Bouvet','Eric','2025-03-20','ericbouvet@hotmail.fr','0609587580',NULL,'DPVA / CCPF',NULL,NULL,'j aurais besoin d un conseillé pour savoir si je peut bénéficier d\'aides pour la rénovation énergétique de ma maison.',NULL,NULL,NULL,0,NULL,'2025-05-16 06:53:22','2025-05-16 06:53:22'),(40,'Mary','Estelle','2025-03-20','estellemary1606@icloud.com','Inconnu','Inconnue','DPVA / CCPF',NULL,NULL,'Je suis nouvellement propriétaire depuis le 22 janvier 2025 dans un appartement situé à Draguignan de 57 m2. Le DPE est classé C actuellement. J’aimerai refaire mes fenêtres de double vitrage , je voulais savoir comment cela se passant pour bénéficier de la prime rénove concernant les travaux que je souhaite effectuer pour améliorer mon isolation.',NULL,NULL,NULL,0,NULL,'2025-05-16 06:53:54','2025-05-16 11:57:12'),(41,'Castagno','Carine','2025-03-16','fileasfrog83@gmail.com',NULL,NULL,'DPVA / CCPF',NULL,NULL,'Je vais bientôt acquérir un bien sur Salernes.\r\nJe signe le compromis entre le 26 et 28 mars 2025.\r\nJe suis fonctionnaire au Département du var depuis 36 ans.\r\nIl s\'agit d\'une maison d\'habitation de 1964 dont le DPE est défavorable (fenêtres et portes à remplacer par du double vitrage, il n\'y a plus de système de chauffage et isolation des murs extérieurs).\r\nNous l\'aurons, je l\'espère d\'ici la fin de semaine prochaine.\r\nJe souhaiterai, s\'il vous plait, prendre un rendez-vous pour monter un dossier de\" l\'Eco-prêt à taux zéro\" ou voir avec vous ce qui est le mieux, pour la rénovation énergétique de la maison.',NULL,NULL,NULL,0,NULL,'2025-05-16 06:54:29','2025-05-16 06:54:29'),(42,'Annaval',NULL,'2025-03-12','elmia@sfr.fr',NULL,NULL,'Puget-sur-Argens',NULL,NULL,'‌Bonjour,\r\n\r\nJe souhaite installé un poêle a granule dans ma maison et j aurais savoir quelle démarche je dois adopter SVP pour connaitre une éventuelle aide de l état.\r\n\r\nDans l attente de vous lire\r\n\r\nBien cordialement\r\n\r\nY.Annaval','Vous pouvez bénéficier d’aides financières mais il y a plusieurs éléments à prendre en compte.\r\nAfin de mieux vous renseigner, pourriez-vous me remplir ce petit questionnaire : \r\nhttps://forms.office.com/e/6qcQrKESLQ\r\n\r\nJe reviendrai ensuite vers vous pour vous donner les informations adaptées et nous pourrons convenir d’un rendez-vous si nécessaire.',NULL,NULL,0,NULL,'2025-05-16 06:55:47','2025-05-16 06:55:47'),(43,'Tricheux','Febronie','2025-03-02','febronie@yahoo.fr',NULL,NULL,'Fréjus',NULL,'5','Nous souhaitons rénover notre maison située à Fréjus, en isolant les combles, ventiler et remettre aux normes l\'électricité.\r\n \r\nNous avions pris RDV avec l\'AREVE mais celle-ci à arrêter son activité de conseil et le RDV a été annulé.\r\n \r\nPouvez-vous nous conseiller ? Pourrions nous entrer dans le dispositif \"rénover pour habiter mieux\"?','Bonjour,\r\n\r\n\r\nDans le cadre de travaux de rénovation énergétique, il existe trois types d’aides :\r\n· Les aides de l’Etat qu’on appelle MaPrimeRenov’ par geste et le Parcours Accompagné (2 gestes d’isolation obligatoire + 2 sauts d’étiquette énergétique)\r\n· L’aide des fournisseurs d’énergie qu’on appelle les CEE (certificats d’économie d’énergie) comprises dans le Parcours accompagné\r\n· L’aide locale : Région (dépôt jusqu’au 31/12/2024) : RFR non éligible \r\n+ La TVA à 5,5 % pour les travaux de rénovation énergétique\r\n\r\nLe montant des aides dépend de votre catégorie, deux critères étant pris en compte : le nombre de personnes dans le foyer fiscal et le revenu fiscal de référence.\r\n\r\n \r\n\r\nVous avez indiqué être en catégorie « ROSE » - revenus supérieurs\r\n\r\nPREMIERE SOLUTION\r\nMon parcours accompagné pour les rénovations d’ampleur.\r\nCette aide est calculée en pourcentage des travaux et c’est la plus avantageuse pour vous.\r\n\r\nLe niveau de financement dépend de l’étiquette DPE de départ, il faut donc commencer par faire réaliser le DPE (liste diagnostiqueurs agréés)\r\n\r\nDPE A à E	DPE F ou G\r\n2 sauts d’étiquette	10% du montant des travaux (plafond : 40.000 €)	2 sauts d’étiquette	20% du montant des travaux (plafond : 40.000 €)\r\n3 sauts d’étiquette	15% du montant des travaux (plafond : 55.000 €)	3 sauts d’étiquette	25% du montant des travaux (plafond : 55.000 €)\r\n4 sauts d’étiquette	20% du montant des travaux (plafond : 70.000 €)	4 sauts d’étiquette	30% du montant des travaux (plafond : 70.000 €)\r\n+ accompagnement MAR pris en charge à 20% (plafond : 2000€)\r\n\r\nVos travaux envisagés :\r\n•	Isolation des combles / Toiture\r\n•	Mise en place d’un système de ventilation\r\n•	Installation ou remplacement du chauffage\r\n\r\nQuels sont les critères ? \r\n\r\nCe parcours est obligatoirement accompagné par un tiers de confiance indépendant, mon accompagnateur Renov’ (MAR), qui apporte un appui précieux dans les démarches techniques, administratives et financières.\r\nCette prestation d’accompagnement sera financée à hauteur de 20 % pour les revenus supérieurs, soit 400 € dans la limite d’un coût plafond de 2 000€. Vous pouvez demander plusieurs devis.\r\nLa liste des MAR agréés est disponible sur https://france-renov.gouv.fr/annuaires-professionnels/mon-accompagnateur-renov\r\n\r\nUn saut de 2 classes DPE ou plus et au moins 2 gestes d’isolation (menuiseries acceptées, murs, toiture, plancher bas) sont nécessaires.\r\n\r\nCe parcours permettra de financer des rénovations performantes au sens de la loi, le cas échéant par étape, voire globales si elles sont réalisées en moins de 18 mois.\r\nIl y a un seul dossier d’aide pour MaPrimeRenov’ et les CEE.\r\n\r\nAfin d’être éligible aux aides, il faudra respecter certains critères :\r\n-	L’entreprise ou l’artisan qui va réaliser les travaux doit être qualifier RGE « reconnu garant de l’environnement, ci-joint une liste d’artisans RGE, vous pouvez également consulter le site : https://france-renov.gouv.fr/annuaire-rge\r\n-	Pour les devis, factures : indiquer le même nom et prénom que la personne qui fera la demande de prime. Nom et prénom figurant sur le RIB si compte joint.\r\n\r\nDEUXIEME SOLUTION\r\nSi vous ne souhaitez pas passer par le parcours accompagné, vous pouvez bénéficier des aides des fournisseurs d’énergie, les CEE (Certificats d’Economie d’Energie).\r\nCes aides ne sont pas cumulables avec MaPrimeRénov’.\r\nVous pouvez les demander pour les travaux suivants : \r\nTravaux d\'isolation :\r\n•	Isolation de combles ou de toitures\r\n•	Isolation d’un plancher\r\n•	Isolation des murs\r\n•	Isolation de toitures terrasses\r\n•	Fenêtre ou porte-fenêtre complète avec vitrage isolant\r\n•	Isolation des tuyaux hydrauliques de chauffage ou d’eau chaude sanitaire\r\nTravaux de chauffage :\r\n•	Chaudière individuelle et collective à haute performance énergétique\r\n•	Pompe à chaleur du type air/eau ou eau/eau\r\n•	Pompe à chaleur de type air/air\r\n•	Radiateur basse température\r\nÉnergies renouvelables :\r\n•	Chaudière biomasse\r\n•	Poêle à bois\r\n•	Chauffe-eau solaire\r\nRégulation :\r\n•	Dispositif de programmation de chauffage\r\n•	Système de régulation par programmation horaire pièce par pièce\r\n\r\nIl faut faire 1 dossier par poste de travaux\r\nDemande de l’aide avec un devis non signé\r\n\r\nLe montant de l’aide des fournisseurs d’énergie CEE, diffère selon le fournisseur d’énergie que vous allez choisir et la date ; ex : Engie, EDF, TOTAL, Butagaz ou Antargaz ou grandes enseignes.\r\nVous n’êtes pas obligé de choisir le fournisseur d’énergie chez qui vous avez un contrat d’énergie.\r\n\r\nOrdre des étapes à respecter pour les CEE\r\n1.	Sélectionner un fournisseur d\'énergie (comparer les offres de plusieurs fournisseurs), voici quelques simulations et inscriptions au choix :\r\na.	https://nr-pro.fr/accueil.html\r\nb.	https://www.monespaceprime.engie.fr/je-simule-ma-prime.html\r\nc.	https://www.primesenergie.fr/\r\nd.	https://www.prime-energie-edf.fr/je-simule-ma-prime.html\r\n2.	Accepter l\'offre du fournisseur (ou de son partenaire) correspondant à vos travaux avant de signer le devis \r\n3.	Sélectionner un professionnel RGE pour la réalisation de vos travaux\r\na.	Annuaire RGE : https://france-renov.gouv.fr/annuaire-rge/recherche \r\n4.	Signer le devis proposé par le professionnel RGE\r\n5.	Faire réaliser vos travaux\r\n6.	Envoyer les pièces justificatives de vos travaux au fournisseur d\'énergie (factures, attestation sur l\'honneur signée par vous-même et remise par le fournisseur d\'énergie qui récapitule les travaux)\r\n\r\n\r\nPour information\r\nFinancement des travaux\r\nVous pouvez bénéficier de l’éco-prêt à taux zéro, qui est cumulable avec MaPrime Rénov.\r\nCritères d’éligibilité : L’éco-prêt à taux zéro Ma Prime Rénov’\r\n\r\nN’hésitez pas à revenir vers moi si vous avez besoin de plus d’informations.\r\nCordialement,',NULL,NULL,0,NULL,'2025-05-16 06:56:27','2025-05-16 06:56:27'),(44,'Liesse','Christan','2025-03-25','christian.liesse@orange.fr','0666823425',NULL,'Saint-Raphaël',NULL,NULL,'Installation photovoltaique','Comme convenu je vous invite à m’adresser par retour de mail le devis de votre installation ainsi que les interrogations que vous pourriez avoir sur votre projet.\r\nVous pouvez déjà trouver des informations (objectives et à jour) sur le site : https://www.photovoltaique.info/fr/',NULL,NULL,0,NULL,'2025-05-16 06:57:11','2025-05-16 06:57:11'),(45,'Hawkins','Mark','2025-03-25','mark.hawkins@hawkeye494.com',NULL,NULL,'DPVA / CCPF',NULL,NULL,'Je suis en train d\'acheter une maison à Montauroux qui nécessite une rénovation complète. Êtes-vous les bons interlocuteurs pour connaître ma prime renov et les aides disponibles pour mon projet?','Suite à votre demande, je vous informe que l’Espace Conseil France Rénov’ de l’Est Var a cessé son activité depuis le 8 janvier 2025. \r\nIl n’existe actuellement plus de conseiller local pour vous accompagner directement.\r\n🔹 Vous pouvez consulter les contacts utiles sur : www.areve83.fr\r\n🔹 Ou contacter directement :\r\nDracénie Provence Agglomération\r\nTél : 04 94 50 16 20\r\nMail : www.dracenie.com/contact',NULL,NULL,0,NULL,'2025-05-16 06:57:56','2025-05-16 06:57:56'),(46,'Pau Soler','Sylviane','2025-04-14','sylvianepausoler@gmail.com','0642772468',NULL,'Saint-Raphaël',NULL,NULL,'Rénovation complète logement Boulouris - Aides financières et questions sur devis',NULL,NULL,NULL,0,NULL,'2025-05-16 06:58:33','2025-05-16 06:58:33'),(47,'Tomas','Cécile','2025-04-07','cetomas@hotmail.com','0624336439','Les coccinelles','Saint-Raphaël',NULL,NULL,'Je suis syndic bénévole d\'une petite copropriété appelée \"les coccinelles\" situé au centre-ville de St Raphaël. Nous avons des travaux de rénovation de toiture à prévoir et voulions avoir des renseignements sur la possibilité de les coupler avec une rénovation énergétique avec les aides de l\'état. Sachant que l\'immeuble date de 1957 environ, que la copropriété est immatriculé au registre des copros, qu\'il se compose de 4 copropriétaires dont 2 qui y vivent,1 qui loue à des particuliers et un local commercial au rez-de-chaussée donc plus de 65%d\'habitation, nous remplissons donc, a priori, les critères de bases pour bénéficier des aides, nous n\'avons pas encore de DPE ni de PPT mais j\'avance dans les devis pour les proposer à la prochaine assemblée générale, brefs j\'aimerais des renseignements sur le coût d\'un éventuel audit énergétique, car France rénove n\'a pas pu me venir en aide car le bureau dont nous dépendons est apparemment fermé. Ainsi qu\'une idée des sommes que nous devrons engager, et du délai réel pour le remboursement des frais. Je suis disponible ce vendredi ou celui d\'après pour un éventuel entretien, étant actuellement en congés. J\'espère avoir été assez claire pour dépeindre la situation, et me permets de vous laisser mes coordonnées téléphoniques si besoin.0624336439.Merci du temps que vous allez consacrer à ma demande, dans l\'attente de vous lire.',NULL,NULL,'Renvoi Citémétrie mi-avril 25',1,NULL,'2025-05-16 06:59:15','2025-05-16 07:23:16'),(48,'Orta','Joseph','2025-04-14','orta.chantal@free.fr','06 77 17 69 34','199 Avenue Claude DEBUSSY 6  83370 SAINT AYGULF','Fréjus',NULL,NULL,'Nous envisageons des travaux de rénovation énergétique dans notre maison (Isolation des combles, des murs par l\'extérieur, plafond du garage...) Pouvez vous nous dire quelles sont les démarches à effectuer pour monter un dossier afin de pouvoir bénéficier de ma prime rénov',NULL,NULL,NULL,0,NULL,'2025-05-16 07:00:02','2025-05-16 07:21:39'),(49,'Patoizeau','Emmanuel','2025-04-09','emmanuel.patoizeau@hotmail.fr',NULL,NULL,'DPVA / CCPF',NULL,NULL,'Bonjour.\r\nMes parents vont acquérir une maison sur Callas qui est énergivore.\r\nAyant des menus modestes et après simulation ils ont droit à des aides. \r\nPeut-on prendre un rendez-vous ?\r\nPar avance merci.',NULL,NULL,NULL,0,NULL,'2025-05-16 07:00:38','2025-05-16 07:00:38'),(50,'Wolff','Nicolas','2025-04-23','nicolas.wolff701@gmail.com',NULL,NULL,NULL,NULL,NULL,'Bonjour, je viens vers vous pour avoir la marche à suivre pour la renovation  d\' un appartement  dont je suis propriétaire et qui est en location. Après un DPE fait le 19/03/2025  il est passé en F . Des  travaux sont donc suggérés à savoir :changement des fenêtres et volets ;changement de la chaudière à gaz pour une clim  réversible.Quelles démarches dois je faire  pour prétendre aux aides de  l\'état .','Monsieur Wolff,\r\nJe vais être absent jusqu’à la semaine prochaine.\r\nD’ici là, il faudrait me donner quelques éléments complémentaires, en particulier sur votre niveau de revenus, qui va conditionner le régime d’aide.\r\nUn petit formulaire est disponible à cette adresse : https://forms.office.com/e/6qcQrKESLQ\r\nMerci de le compléter et je reprends contact avec vous dès mon retour.\r\nBien cordialement,',NULL,NULL,0,NULL,'2025-05-16 07:01:11','2025-05-16 07:01:11'),(51,'Fresnais','Elodie','2025-03-03','elodie.fresnais@free.fr',NULL,NULL,'DPVA / CCPF',NULL,NULL,'je suis nouvellement propriétaire d’une maison à rénover et je souhaite avoir des conseils en économie d’énergie pour mes travaux.\r\nJ’habite les ARCS sur ARGENS\r\nDois-je prendre RDV ou venir directement ?\r\nDois-je apporter des documents spécifiques ?','L’Espace Conseil France Rénov’ de l’Est Var (AREVE) ayant fermé ses portes depuis le 8 janvier 2025, il n’y a plus à ce jour de conseiller pour vous accompagner sur Lorgues.\r\n\r\nLa liste des principaux sites et contacts pouvant vous aider est disponible sur le site areve83.fr\r\nVous pouvez également contacter Dracénie Provence Agglomération : Tél : 04 94 50 16 20 / Mail : dracenie.com/contact',NULL,NULL,0,NULL,'2025-05-16 07:05:25','2025-05-16 07:05:25'),(52,'Morvillez','Stéphane','2025-05-13','stephane.morvillez@gmail.com','0660503045','Petit Défends','Saint-Raphaël',NULL,NULL,'Je m\'adresse à vous pour connaître les aides auxquelles ma belle mère peut prétendre pour le remplacement d\'une baie vitrée simple vitrage par une double voire triple vitrage.\r\nMa belle mère a 91 ans, habite Saint-Raphaël, au Petit Défend, dans un vieil appartement dont elle est propriétaire. Elle a de faibles revenus (RFR inférieur à 13.000 euros). Elle souhaite changer sa baie vitrée (2Mx2M) car l\'été, la température dans son appartement grimpe à plus de 28 degrés. Elle n\'a pas de volet roulant et a priori il n\'est pas possible sans de gros travaux d\'en installer un.\r\n \r\nPourriez-vous me dire s\'il est possible pour elle de bénéficier de différentes aides et si oui lesquelles et pour quel montant. Pour information, son distributeur d\'énergie est EDF.','Les aides financières sont très limitées pour le remplacement des menuiseries.\r\nVous pouvez compter 40 à 80 euros par menuiserie au maximum, en sollicitant les Certificats d’Economie d’Energie.\r\nJe vous joins une présentation du dispositif.\r\n \r\nPar ailleurs, le changement des vitres ne sera pas très efficace pour lutter contre la chaleur.\r\n \r\nDans son cas le mieux serait d’installer une climatisation.\r\nIl n’y a pas d’aide financière non plus pour une simple PAC Air/air mais cela coutera moins cher et ce sera beaucoup plus efficace.\r\n \r\nSi ces travaux ne sont pas non plus envisageables, mettez des rideaux pour casser l’entrée du soleil, ce sera plus efficace que le changement des vitres.',NULL,NULL,0,NULL,'2025-05-16 07:07:52','2025-05-16 07:07:52'),(53,'Loville','Guillaume','2025-04-28','g.loville@esterelcotedazur-agglo.fr',NULL,NULL,'Saint-Raphaël',NULL,NULL,'Isolation','Comme indiqué au téléphone, ton projet devrait pouvoir bénéficier de MPR par geste et des CEE.\r\n\r\nMAPRIMERENOV’\r\nAide directe de l’Anah, son montant dépend :\r\n•	de vos revenus (4 catégories)\r\n•	de la nature des travaux\r\n•	et du type de parcours (geste ou ampleur)',NULL,'Contact téléphonique',0,NULL,'2025-05-16 07:10:19','2025-05-16 07:10:19'),(54,'Laroche','Jean-Paul','2025-05-02','laroche.jpl75@orange.fr','0688249261','Les Algues','Saint-Raphaël',NULL,NULL,'je ne vous écris pas pour vous demander des subventions, bien au contraire puisque je cherche à arrêter la rénovation d\'une passoire thermique : la climatisation centralisée à air pulsé de mon immeuble Les Algues. Elle souffle de l\'air chaud ou froid dans 170 appartements, qu\'ils soient occupés ou non : cet air est immédiatement rejeté dans l\'atmosphère (fonctionnement à 100 % d\'air neuf)',NULL,NULL,'Réponse tél 15/05',0,NULL,'2025-05-16 07:11:57','2025-05-16 07:11:57'),(55,'Servot','Florentin','2025-05-16','jservot@gmail.com','0676750735','159 Avenue de la Moyenne Corniche','Fréjus',NULL,'1','Bonjour, je souhaiterais avoir un accompagnement pour mon projet d’amélioration énergétique de mon habitat .Sur le secteur de Fréjus il n’y  plus personne; C’est Cofor 83 qui ma donner votre mail.','Compte tenu des travaux envisagés dans votre logement, vous êtes éligible à un financement important grâce au parcours MaPrimeRénov’ d’ampleur – Accompagné, réservé aux rénovations globales.Cette aide calculée en pourcentage du montant des travaux, selon le gain énergétique :o	Gain de 2 classes : jusqu’à 70 % des travaux subventionnéso	Bonus en cas de sortie de passoire énergétique (non éligible car vous êtes classé E)•	Plafond de travaux éligibles : 70 000 € TTC•	Plafond d’aide : jusqu’à 52 500 € pour un ménage très modeste Certificats d’Économies d’Énergie (CEE) : non cumulables en cas de MaPrimeRénov’ d’ampleur – AccompagnéÉco-prêt à taux zéro (éco-PTZ)•	Jusqu’à 50 000 € pour une rénovation globale•	Financement sans intérêts, cumulable avec MPRTVA à taux réduit (5,5 %)•	Applicable sur l’ensemble des travaux d’amélioration énergétique Obligation : se faire accompagner par un Accompagnateur Rénov’ agréé, qui réalisera l’audit énergétique (à moins que celui dont vous disposez soit validé par eux), définira un scénario de travaux cohérent, vous aidera à sélectionner les artisans RGE et à monter le dossier de demande d’aides. Comme je vous le disais, cet accompagnement sera pris en charge par l’Agglomération si vous êtes éligible. Attention, solliciter cette aide implique un temps de préparation et d’instruction du dossier qui ne permettra pas de lancer les travaux en juin de cette année. Il faut en tenir compte. Si vous êtes d’accord, je transmettrai vos coordonnées et nos échanges à Citémétrie, l’opérateur qui prendra en charge votre dossier.Si vous avez d’autres questions, n’hésitez pas à revenir vers moi.',NULL,'Renvoi Citémétrie 17/04/25',1,NULL,'2025-05-16 07:15:09','2025-05-16 07:17:37'),(56,'Rouge','Chantal','2025-05-16',NULL,NULL,'1054 Avenue Aurelia','Fréjus',NULL,NULL,'Dossier MAR',NULL,NULL,'Renvoi Citémétrie 29/04/25',1,NULL,'2025-05-16 07:20:28','2025-05-16 07:20:28'),(57,'Fillon',NULL,'2025-02-17','fabienne.fillon@orange.fr',NULL,NULL,'Autre ville',NULL,NULL,'Je souhaite savoir si la fourniture et pose d une clim air/air de 5 kg est susceptible de bénéficier d une aide financière ?',NULL,NULL,NULL,0,NULL,'2025-05-16 07:26:31','2025-05-16 07:26:31'),(58,'Valentini','Christophe','2025-01-22','christophe.valentini.1982@gmail.com','0614235597',NULL,'Autre ville',NULL,NULL,'Dans le cadre de la rénovation énergétique d\'un bien familial, j\'ai trouvé vos coordonnées dans l\'annuaire de francerenov.gouv\r\n\r\nJe suis propriétaire bailleur depuis peu. Notre maison est considérée comme \"passoire énergétique\" ( DPE G ). Pour remédier à cela, je souhaite entreprendre des travaux.\r\n\r\nQuelles sont les conditions de faisabilité pour bénéficier de votre accompagnement ?',NULL,NULL,NULL,0,NULL,'2025-05-16 07:28:43','2025-05-16 07:28:43'),(59,'Halys','Catherine','2025-01-24','c.halys@hotmail.com','0640584309','Inconnue','Saint-Raphaël',NULL,NULL,'J’habite St Raphaël et je vois que l’agence de Fréjus est fermée. Pourriez-vous me dire comment déposer un dossier de demande d’aide dans la perspective de changer ma chaudière fuel. Je voudrais avoir la certitude du montant qui me sera alloué avant de signer le devis avec le chauffagiste. Merci d’avance pour votre retour.','Bonjour, Pourriez-vous m’indiquer : Quel est votre type de logement ? ●	Maison individuelle  ●	Appartement Qui est le demandeur ? 	Propriétaire Occupant 	Propriétaire Bailleur 	Usufruitier 	Nu-propriétaire 	SCI ➔	Votre RFR (Revenu Fiscal de Référence) ➔	Nb pers sous le même toit en résidence principale Quel est votre projet exact, y a-t-il d’autres travaux prévus que le changement de chaudière ? Cordialement,',NULL,NULL,0,NULL,'2025-05-16 07:29:33','2025-05-16 07:39:28'),(60,'Fernandez','Ludivine','2025-01-20','fernandez.ludivine@orange.fr',NULL,NULL,'Autre ville',NULL,NULL,'Nous sommes entrain d’acquérir une maison classé F.\r\nNous souhaitons faire des travaux énergétique. \r\nPouvez-vous nous contacter ?','Madame,\r\nQuelle est votre commune ?',NULL,NULL,0,NULL,'2025-05-16 07:32:51','2025-05-16 07:32:51'),(61,'Rey','Amandine','2025-01-18','am.rey@laposte.net','0618713339','centre historique de Fréjus','Fréjus',NULL,NULL,'Je suis propriétaire d\'un appartement de type F3 dans le centre historique de Fréjus qui est ma résidence principale. Il était classé D, il y a 3 ans, lorsque je l\'ai acheté. Il y a un problème de ventilation, avec un petit problème d\'humidité et de moisissure sur tout un côté de l\'appartement, le salon et les 2 chambres, et je suis obligée de forcer la clim pour avoir chaud.\r\n\r\nComment puis-je procéder pour avoir des conseils sur les travaux à faire afin d\'améliorer l\'isolation, la ventilation et le chauffage ?',NULL,NULL,NULL,0,NULL,'2025-05-16 07:34:06','2025-05-16 07:34:06'),(62,'Michel','Yes Aimé','2025-04-29','michelyvesaime@gmail.com',NULL,'245 Bd G.Clemenceau,allée G','Saint-Raphaël',NULL,NULL,'Je souhaiterais savoir de combien d’aides pour rénovation des fenêtres et porte fenetre en simple vitrage de mon appartement situé aux Anemones, 245 Bd G.Clemenceau,allée G, 83700. St Raphael.\r\n\r\nla surface vitrée est d’environ 13 m2,  soit 4 fenêtres et une porte fenêtres, pour un petit appartement de 52 m2','Pour faire suite à votre demande, sachez que les aides financières pour changer des menuiseries sont assez limitées. Les aides de l’Etat sont plus importantes pour des rénovations énergétiques plus importantes.\r\nPar ailleurs, ces aides sont liées aux revenus du foyer. \r\nPour connaître votre catégorie de revenus, vous pouvez utiliser ce tableau :',NULL,NULL,0,NULL,'2025-05-16 07:36:17','2025-05-16 07:36:17'),(63,'Henninot','Florence','2025-04-02','f.henninot@esterelcotedazur-agglo.fr',NULL,NULL,'Saint-Raphaël',NULL,NULL,'Isolation des combles',NULL,NULL,NULL,0,NULL,'2025-05-16 07:37:35','2025-05-16 07:37:35'),(64,'D\'Alexandry',NULL,'2025-05-16','dalexandrylaurence@gmail.com','0610075233','Ancien Hôtel du golf - Valescure','Saint-Raphaël',NULL,NULL,'Aides financières pour climatisation','Pas d\'aide disponible. Mail pour CEE','83700','Personne en situation de handicap',0,NULL,'2025-05-16 11:00:55','2025-05-16 11:00:55');
/*!40000 ALTER TABLE `contact_ecfr` ENABLE KEYS */;
UNLOCK TABLES;

--
-- Table structure for table `failed_jobs`
--

DROP TABLE IF EXISTS `failed_jobs`;
/*!40101 SET @saved_cs_client     = @@character_set_client */;
/*!50503 SET character_set_client = utf8mb4 */;
CREATE TABLE `failed_jobs` (
  `id` bigint unsigned NOT NULL AUTO_INCREMENT,
  `uuid` varchar(255) COLLATE utf8mb4_unicode_ci NOT NULL,
  `connection` text COLLATE utf8mb4_unicode_ci NOT NULL,
  `queue` text COLLATE utf8mb4_unicode_ci NOT NULL,
  `payload` longtext COLLATE utf8mb4_unicode_ci NOT NULL,
  `exception` longtext COLLATE utf8mb4_unicode_ci NOT NULL,
  `failed_at` timestamp NOT NULL DEFAULT CURRENT_TIMESTAMP,
  PRIMARY KEY (`id`),
  UNIQUE KEY `failed_jobs_uuid_unique` (`uuid`)
) ENGINE=InnoDB DEFAULT CHARSET=utf8mb4 COLLATE=utf8mb4_unicode_ci;
/*!40101 SET character_set_client = @saved_cs_client */;

--
-- Dumping data for table `failed_jobs`
--

LOCK TABLES `failed_jobs` WRITE;
/*!40000 ALTER TABLE `failed_jobs` DISABLE KEYS */;
/*!40000 ALTER TABLE `failed_jobs` ENABLE KEYS */;
UNLOCK TABLES;

--
-- Table structure for table `garantie_emprunts`
--

DROP TABLE IF EXISTS `garantie_emprunts`;
/*!40101 SET @saved_cs_client     = @@character_set_client */;
/*!50503 SET character_set_client = utf8mb4 */;
CREATE TABLE `garantie_emprunts` (
  `id` bigint unsigned NOT NULL AUTO_INCREMENT,
  `nom_operation` varchar(255) COLLATE utf8mb4_unicode_ci DEFAULT NULL,
  `created_at` timestamp NULL DEFAULT NULL,
  `updated_at` timestamp NULL DEFAULT NULL,
  `type_financement` varchar(255) COLLATE utf8mb4_unicode_ci DEFAULT NULL,
  `numero_delib` int DEFAULT NULL,
  `bureau_conseil` varchar(255) COLLATE utf8mb4_unicode_ci DEFAULT NULL,
  `date_bureau_conseil` date DEFAULT NULL,
  `deliberation` varchar(255) COLLATE utf8mb4_unicode_ci DEFAULT NULL,
  `montant_total` int DEFAULT NULL,
  `montant_plai_construction` int DEFAULT NULL,
  `montant_plai_foncier` int DEFAULT NULL,
  `montant_pls_construction` int DEFAULT NULL,
  `montant_pls_foncier` int DEFAULT NULL,
  `montant_phb2` int DEFAULT NULL,
  `montant_booster` int DEFAULT NULL,
  `montant_plus_construction` int DEFAULT NULL,
  `montant_plus_foncier` int DEFAULT NULL,
  `date_deliberation` date DEFAULT NULL,
  `nombre_logements_reserves` int DEFAULT NULL,
  `operation_id` bigint unsigned DEFAULT NULL,
  PRIMARY KEY (`id`),
  KEY `garantie_emprunts_operation_id_foreign` (`operation_id`),
  CONSTRAINT `garantie_emprunts_operation_id_foreign` FOREIGN KEY (`operation_id`) REFERENCES `operations` (`id`) ON DELETE CASCADE
) ENGINE=InnoDB AUTO_INCREMENT=19 DEFAULT CHARSET=utf8mb4 COLLATE=utf8mb4_unicode_ci;
/*!40101 SET character_set_client = @saved_cs_client */;

--
-- Dumping data for table `garantie_emprunts`
--

LOCK TABLES `garantie_emprunts` WRITE;
/*!40000 ALTER TABLE `garantie_emprunts` DISABLE KEYS */;
INSERT INTO `garantie_emprunts` VALUES (1,NULL,'2025-04-29 13:03:14','2025-05-15 04:36:50',NULL,4,NULL,'2014-02-28',NULL,7686240,NULL,NULL,NULL,NULL,NULL,NULL,NULL,NULL,NULL,NULL,1),(2,NULL,'2025-04-29 13:03:14','2025-04-29 13:03:14',NULL,4,'Non renseigné',NULL,NULL,NULL,NULL,NULL,NULL,NULL,NULL,NULL,NULL,NULL,'2014-02-28',18,1),(3,NULL,'2025-04-29 13:06:19','2025-05-15 04:41:27',NULL,5,NULL,'2014-02-28',NULL,3843721,683798,480875,NULL,NULL,NULL,NULL,1572911,1106137,NULL,NULL,2),(4,NULL,'2025-04-29 13:06:19','2025-04-29 13:06:19','PLUS/PLAI',5,'Non renseigné',NULL,NULL,NULL,NULL,NULL,NULL,NULL,NULL,NULL,NULL,NULL,'2014-02-28',7,2),(5,NULL,'2025-04-29 13:09:23','2025-05-15 04:56:42','PLUS/PLAI',3,NULL,'2014-02-28',NULL,1211003,291459,67576,NULL,NULL,NULL,NULL,719780,142188,'2018-09-26',3,3),(6,NULL,'2025-04-29 13:09:23','2025-04-29 13:09:23',NULL,3,'Non renseigné',NULL,NULL,NULL,NULL,NULL,NULL,NULL,NULL,NULL,NULL,NULL,'2014-02-28',3,3),(7,NULL,'2025-04-29 13:14:04','2025-04-29 13:14:04',NULL,NULL,NULL,NULL,NULL,NULL,NULL,NULL,NULL,NULL,NULL,NULL,NULL,NULL,NULL,NULL,4),(8,NULL,'2025-04-29 13:14:04','2025-04-29 13:14:04',NULL,NULL,'Non renseigné',NULL,NULL,NULL,NULL,NULL,NULL,NULL,NULL,NULL,NULL,NULL,NULL,NULL,4),(9,NULL,'2025-04-29 13:16:24','2025-04-29 13:16:24',NULL,NULL,NULL,NULL,NULL,NULL,NULL,NULL,NULL,NULL,NULL,NULL,NULL,NULL,NULL,NULL,5),(10,NULL,'2025-04-29 13:16:24','2025-04-29 13:16:24',NULL,NULL,'Non renseigné',NULL,NULL,NULL,NULL,NULL,NULL,NULL,NULL,NULL,NULL,NULL,NULL,NULL,5),(11,NULL,'2025-04-29 13:18:05','2025-04-29 13:18:05',NULL,NULL,NULL,NULL,NULL,NULL,NULL,NULL,NULL,NULL,NULL,NULL,NULL,NULL,NULL,NULL,6),(12,NULL,'2025-04-29 13:18:05','2025-04-29 13:18:05',NULL,NULL,'Non renseigné',NULL,NULL,NULL,NULL,NULL,NULL,NULL,NULL,NULL,NULL,NULL,NULL,NULL,6),(13,NULL,'2025-04-29 13:21:54','2025-04-29 13:21:54',NULL,NULL,NULL,NULL,NULL,NULL,NULL,NULL,NULL,NULL,NULL,NULL,NULL,NULL,NULL,NULL,7),(14,NULL,'2025-04-29 13:21:54','2025-04-29 13:21:54',NULL,NULL,'Non renseigné',NULL,NULL,NULL,NULL,NULL,NULL,NULL,NULL,NULL,NULL,NULL,NULL,NULL,7),(15,NULL,'2025-04-29 13:24:05','2025-04-29 13:24:05',NULL,NULL,NULL,NULL,NULL,NULL,NULL,NULL,NULL,NULL,NULL,NULL,NULL,NULL,NULL,NULL,8),(16,NULL,'2025-04-29 13:24:05','2025-04-29 13:24:05',NULL,NULL,'Non renseigné',NULL,NULL,NULL,NULL,NULL,NULL,NULL,NULL,NULL,NULL,NULL,NULL,NULL,8),(17,NULL,'2025-05-15 05:05:11','2025-05-15 05:05:11',NULL,NULL,NULL,NULL,NULL,4922172,1186077,NULL,NULL,NULL,NULL,NULL,NULL,NULL,NULL,NULL,9),(18,NULL,'2025-05-15 05:05:11','2025-05-15 05:05:11','PLUS/PLAI',5,'Bureau','2014-05-30',NULL,NULL,NULL,294076,NULL,NULL,NULL,NULL,2758161,683858,NULL,11,9);
/*!40000 ALTER TABLE `garantie_emprunts` ENABLE KEYS */;
UNLOCK TABLES;

--
-- Table structure for table `migrations`
--

DROP TABLE IF EXISTS `migrations`;
/*!40101 SET @saved_cs_client     = @@character_set_client */;
/*!50503 SET character_set_client = utf8mb4 */;
CREATE TABLE `migrations` (
  `id` int unsigned NOT NULL AUTO_INCREMENT,
  `migration` varchar(255) COLLATE utf8mb4_unicode_ci NOT NULL,
  `batch` int NOT NULL,
  PRIMARY KEY (`id`)
) ENGINE=InnoDB AUTO_INCREMENT=17 DEFAULT CHARSET=utf8mb4 COLLATE=utf8mb4_unicode_ci;
/*!40101 SET character_set_client = @saved_cs_client */;

--
-- Dumping data for table `migrations`
--

LOCK TABLES `migrations` WRITE;
/*!40000 ALTER TABLE `migrations` DISABLE KEYS */;
INSERT INTO `migrations` VALUES (1,'2014_10_12_000000_create_users_table',1),(2,'2014_10_12_100000_create_password_reset_tokens_table',1),(3,'2019_08_19_000000_create_failed_jobs_table',1),(4,'2019_12_14_000001_create_personal_access_tokens_table',1),(5,'2025_04_07_135458_create_bailleurs_table',1),(6,'2025_04_07_135515_create_operations_table',1),(7,'2025_04_07_205943_create_garantie_emprunts_table',1),(8,'2025_04_09_145058_create_programmes_table',1),(9,'2025_04_10_074901_add_nom_fichier_original_to_bailleurs_table',1),(10,'2025_04_11_132413_add_nom_operation_to_garantie_emprunts_table',1),(11,'2025_04_11_142506_add_operation_id_to_garantie_emprunts_table',1),(12,'2025_04_16_131846_add_programme_id_to_operations_table',1),(13,'2025_04_28_204332_create_sessions_table',2),(14,'2025_04_30_113524_create_contact_e_c_f_r_s_table',3),(15,'2025_05_02_132427_add_deliberation_to_garantie_emprunts_table',4),(16,'2025_05_15_144651_alter_demande_reponse_columns_in_contact_ecfr_table',5);
/*!40000 ALTER TABLE `migrations` ENABLE KEYS */;
UNLOCK TABLES;

--
-- Table structure for table `operations`
--

DROP TABLE IF EXISTS `operations`;
/*!40101 SET @saved_cs_client     = @@character_set_client */;
/*!50503 SET character_set_client = utf8mb4 */;
CREATE TABLE `operations` (
  `id` bigint unsigned NOT NULL AUTO_INCREMENT,
  `nom_operation` varchar(255) COLLATE utf8mb4_unicode_ci NOT NULL,
  `adresse_operation` varchar(255) COLLATE utf8mb4_unicode_ci NOT NULL,
  `commune_operation` varchar(255) COLLATE utf8mb4_unicode_ci NOT NULL,
  `annulation` varchar(255) COLLATE utf8mb4_unicode_ci NOT NULL,
  `reference_cadastre` varchar(255) COLLATE utf8mb4_unicode_ci DEFAULT NULL,
  `vefa_mod` varchar(255) COLLATE utf8mb4_unicode_ci DEFAULT NULL,
  `neuf_aa` varchar(255) COLLATE utf8mb4_unicode_ci DEFAULT NULL,
  `annee_prog` varchar(255) COLLATE utf8mb4_unicode_ci DEFAULT NULL,
  `promoteur` varchar(255) COLLATE utf8mb4_unicode_ci DEFAULT NULL,
  `numero_pc` varchar(255) COLLATE utf8mb4_unicode_ci DEFAULT NULL,
  `date_pc` varchar(255) COLLATE utf8mb4_unicode_ci DEFAULT NULL,
  `pc` varchar(255) COLLATE utf8mb4_unicode_ci DEFAULT NULL,
  `nombre_logements` int DEFAULT NULL,
  `nombre_plai_agrement` int DEFAULT NULL,
  `nombre_plus_agrement` int DEFAULT NULL,
  `nombre_pls_agrement` int DEFAULT NULL,
  `nombre_psla_agrement` int DEFAULT NULL,
  `nombre_lls` int DEFAULT NULL,
  `nombre_plai` int DEFAULT NULL,
  `nombre_plus` int DEFAULT NULL,
  `nombre_ulsplus` int DEFAULT NULL,
  `nombre_ulspls` int DEFAULT NULL,
  `nombre_pls` int DEFAULT NULL,
  `nombre_psla` int DEFAULT NULL,
  `nombre_brs` int DEFAULT NULL,
  `nombre_lli` int DEFAULT NULL,
  `nombre_ulli` int DEFAULT NULL,
  `date_livraison` varchar(255) COLLATE utf8mb4_unicode_ci DEFAULT NULL,
  `nombre_logements_livres` int DEFAULT NULL,
  `RT` varchar(255) COLLATE utf8mb4_unicode_ci DEFAULT NULL,
  `inventaire_sru` varchar(255) COLLATE utf8mb4_unicode_ci DEFAULT NULL,
  `sig` varchar(255) COLLATE utf8mb4_unicode_ci DEFAULT NULL,
  `commentaires` text COLLATE utf8mb4_unicode_ci,
  `bailleur_id` bigint unsigned NOT NULL,
  `created_at` timestamp NULL DEFAULT NULL,
  `updated_at` timestamp NULL DEFAULT NULL,
  `programme_id` bigint unsigned NOT NULL,
  PRIMARY KEY (`id`),
  KEY `operations_bailleur_id_foreign` (`bailleur_id`),
  KEY `operations_programme_id_foreign` (`programme_id`),
  CONSTRAINT `operations_bailleur_id_foreign` FOREIGN KEY (`bailleur_id`) REFERENCES `bailleurs` (`id`) ON DELETE CASCADE,
  CONSTRAINT `operations_programme_id_foreign` FOREIGN KEY (`programme_id`) REFERENCES `programmes` (`id`) ON DELETE CASCADE
) ENGINE=InnoDB AUTO_INCREMENT=10 DEFAULT CHARSET=utf8mb4 COLLATE=utf8mb4_unicode_ci;
/*!40101 SET character_set_client = @saved_cs_client */;

--
-- Dumping data for table `operations`
--

LOCK TABLES `operations` WRITE;
/*!40000 ALTER TABLE `operations` DISABLE KEYS */;
INSERT INTO `operations` VALUES (1,'Les Vallons de Caïs','28 Av Jean Lachenaud - Quartier Camp Robert','Fréjus','non','AR 376-377','VEFA/MOD inconnu','neuf-aa inconnu inconnu','2013',NULL,NULL,NULL,NULL,NULL,27,62,NULL,NULL,89,NULL,NULL,NULL,NULL,NULL,NULL,NULL,NULL,NULL,'2016',NULL,NULL,'Inv SRU','SIG ok','Ajouter subventions',3,'2025-04-29 13:03:14','2025-04-29 13:03:14',1),(2,'Domaine Lou Capitou','947 chemin du Bonfin','Fréjus','non','AD 233','VEFA','Neuf','2013',NULL,NULL,NULL,NULL,NULL,11,25,NULL,NULL,36,NULL,NULL,NULL,NULL,NULL,NULL,NULL,NULL,NULL,NULL,NULL,NULL,'SRU non renseigné','SIG non renseigné','Ajouter subventions',10,'2025-04-29 13:06:19','2025-05-15 04:46:17',1),(3,'Océane 2','55 Rue Martin Bidouré','Saint-Raphaël','non','AT 317-320','VEFA/MOD inconnu','neuf-aa inconnu inconnu','2013',NULL,NULL,NULL,NULL,NULL,10,4,NULL,NULL,14,NULL,NULL,NULL,NULL,NULL,NULL,NULL,NULL,NULL,'2018',NULL,NULL,'Inv SRU','SIG ok','Ajout subvention',10,'2025-04-29 13:09:23','2025-05-15 04:59:01',1),(4,'San Rafeu','Rue Martin Bidouré','Saint-Raphaël','oui','AT 330','VEFA/MOD inconnu','neuf-aa inconnu inconnu','2013',NULL,NULL,NULL,NULL,NULL,4,8,NULL,NULL,12,NULL,NULL,NULL,NULL,NULL,NULL,NULL,NULL,NULL,NULL,NULL,NULL,'SRU non renseigné','SIG non renseigné',NULL,6,'2025-04-29 13:14:04','2025-04-29 13:14:04',4),(5,'Le Petit Prince','Inconnu','Saint-Raphaël','oui',NULL,'VEFA/MOD inconnu','neuf-aa inconnu inconnu','2013',NULL,NULL,NULL,NULL,NULL,3,7,NULL,NULL,10,NULL,NULL,NULL,NULL,NULL,NULL,NULL,NULL,NULL,NULL,NULL,NULL,'SRU non renseigné','SIG non renseigné',NULL,6,'2025-04-29 13:16:24','2025-04-29 13:16:24',5),(6,'Villa Méliva','Inconnu','Saint-Raphaël','oui',NULL,'VEFA','Neuf','2014',NULL,NULL,NULL,NULL,NULL,11,24,NULL,NULL,35,NULL,NULL,NULL,NULL,NULL,NULL,NULL,NULL,NULL,NULL,NULL,NULL,'SRU non renseigné','SIG non renseigné',NULL,6,'2025-04-29 13:18:05','2025-04-29 13:20:11',6),(7,'Villa Missiri','Inconnu','Fréjus','oui',NULL,'VEFA','Neuf','2015',NULL,NULL,NULL,NULL,NULL,14,30,NULL,NULL,44,NULL,NULL,NULL,NULL,NULL,NULL,NULL,NULL,NULL,NULL,NULL,NULL,'SRU non renseigné','SIG non renseigné',NULL,10,'2025-04-29 13:21:54','2025-04-29 13:21:54',7),(8,'Bouchonnières 2','Inconnu','Puget/Argens','oui',NULL,'VEFA','Neuf','2016',NULL,NULL,NULL,NULL,NULL,-1,4,NULL,NULL,6,NULL,NULL,NULL,NULL,NULL,NULL,NULL,NULL,NULL,NULL,NULL,NULL,'SRU non renseigné','SIG non renseigné',NULL,6,'2025-04-29 13:24:05','2025-04-29 13:24:05',8),(9,'Les Chanterelles','701 avenue Léo Lagrange','Saint-Raphaël','non','AP 973','VEFA/MOD inconnu','neuf-aa inconnu inconnu','2013',NULL,NULL,NULL,NULL,55,17,38,NULL,NULL,55,NULL,NULL,NULL,NULL,NULL,NULL,NULL,NULL,NULL,NULL,NULL,NULL,'SRU non renseigné','SIG non renseigné',NULL,6,'2025-05-15 05:05:11','2025-05-15 05:05:11',9);
/*!40000 ALTER TABLE `operations` ENABLE KEYS */;
UNLOCK TABLES;

--
-- Table structure for table `password_reset_tokens`
--

DROP TABLE IF EXISTS `password_reset_tokens`;
/*!40101 SET @saved_cs_client     = @@character_set_client */;
/*!50503 SET character_set_client = utf8mb4 */;
CREATE TABLE `password_reset_tokens` (
  `email` varchar(255) COLLATE utf8mb4_unicode_ci NOT NULL,
  `token` varchar(255) COLLATE utf8mb4_unicode_ci NOT NULL,
  `created_at` timestamp NULL DEFAULT NULL,
  PRIMARY KEY (`email`)
) ENGINE=InnoDB DEFAULT CHARSET=utf8mb4 COLLATE=utf8mb4_unicode_ci;
/*!40101 SET character_set_client = @saved_cs_client */;

--
-- Dumping data for table `password_reset_tokens`
--

LOCK TABLES `password_reset_tokens` WRITE;
/*!40000 ALTER TABLE `password_reset_tokens` DISABLE KEYS */;
/*!40000 ALTER TABLE `password_reset_tokens` ENABLE KEYS */;
UNLOCK TABLES;

--
-- Table structure for table `personal_access_tokens`
--

DROP TABLE IF EXISTS `personal_access_tokens`;
/*!40101 SET @saved_cs_client     = @@character_set_client */;
/*!50503 SET character_set_client = utf8mb4 */;
CREATE TABLE `personal_access_tokens` (
  `id` bigint unsigned NOT NULL AUTO_INCREMENT,
  `tokenable_type` varchar(255) COLLATE utf8mb4_unicode_ci NOT NULL,
  `tokenable_id` bigint unsigned NOT NULL,
  `name` varchar(255) COLLATE utf8mb4_unicode_ci NOT NULL,
  `token` varchar(64) COLLATE utf8mb4_unicode_ci NOT NULL,
  `abilities` text COLLATE utf8mb4_unicode_ci,
  `last_used_at` timestamp NULL DEFAULT NULL,
  `expires_at` timestamp NULL DEFAULT NULL,
  `created_at` timestamp NULL DEFAULT NULL,
  `updated_at` timestamp NULL DEFAULT NULL,
  PRIMARY KEY (`id`),
  UNIQUE KEY `personal_access_tokens_token_unique` (`token`),
  KEY `personal_access_tokens_tokenable_type_tokenable_id_index` (`tokenable_type`,`tokenable_id`)
) ENGINE=InnoDB DEFAULT CHARSET=utf8mb4 COLLATE=utf8mb4_unicode_ci;
/*!40101 SET character_set_client = @saved_cs_client */;

--
-- Dumping data for table `personal_access_tokens`
--

LOCK TABLES `personal_access_tokens` WRITE;
/*!40000 ALTER TABLE `personal_access_tokens` DISABLE KEYS */;
/*!40000 ALTER TABLE `personal_access_tokens` ENABLE KEYS */;
UNLOCK TABLES;

--
-- Table structure for table `programmes`
--

DROP TABLE IF EXISTS `programmes`;
/*!40101 SET @saved_cs_client     = @@character_set_client */;
/*!50503 SET character_set_client = utf8mb4 */;
CREATE TABLE `programmes` (
  `id` bigint unsigned NOT NULL AUTO_INCREMENT,
  `nom` varchar(255) COLLATE utf8mb4_unicode_ci NOT NULL,
  `description` text COLLATE utf8mb4_unicode_ci,
  `date_programme` varchar(255) COLLATE utf8mb4_unicode_ci DEFAULT NULL,
  `bailleur_id` bigint unsigned NOT NULL,
  `created_at` timestamp NULL DEFAULT NULL,
  `updated_at` timestamp NULL DEFAULT NULL,
  PRIMARY KEY (`id`),
  KEY `programmes_bailleur_id_foreign` (`bailleur_id`),
  CONSTRAINT `programmes_bailleur_id_foreign` FOREIGN KEY (`bailleur_id`) REFERENCES `bailleurs` (`id`) ON DELETE CASCADE
) ENGINE=InnoDB AUTO_INCREMENT=10 DEFAULT CHARSET=utf8mb4 COLLATE=utf8mb4_unicode_ci;
/*!40101 SET character_set_client = @saved_cs_client */;

--
-- Dumping data for table `programmes`
--

LOCK TABLES `programmes` WRITE;
/*!40000 ALTER TABLE `programmes` DISABLE KEYS */;
INSERT INTO `programmes` VALUES (1,'Vallons de Caïs',NULL,'2013',3,'2025-04-29 12:59:01','2025-04-29 12:59:01'),(2,'Lou Capitou',NULL,'2013',10,'2025-04-29 12:59:28','2025-04-29 12:59:28'),(3,'Océane',NULL,'2013',10,'2025-04-29 13:00:00','2025-04-29 13:00:00'),(4,'San Rafeu','Annulée','2013',6,'2025-04-29 13:12:22','2025-04-29 13:12:22'),(5,'Petit Prince','Annulée','2013',6,'2025-04-29 13:15:09','2025-04-29 13:15:09'),(6,'Meliva','Annulée','2014',6,'2025-04-29 13:17:08','2025-04-29 13:17:08'),(7,'Missiri','Annulée','2015',10,'2025-04-29 13:20:00','2025-04-29 13:20:00'),(8,'Bouchonnières','Annulée','2016',6,'2025-04-29 13:22:40','2025-04-29 13:22:40'),(9,'Les chanterelles',NULL,'2013',6,'2025-05-15 05:00:49','2025-05-15 05:00:49');
/*!40000 ALTER TABLE `programmes` ENABLE KEYS */;
UNLOCK TABLES;

--
-- Table structure for table `sessions`
--

DROP TABLE IF EXISTS `sessions`;
/*!40101 SET @saved_cs_client     = @@character_set_client */;
/*!50503 SET character_set_client = utf8mb4 */;
CREATE TABLE `sessions` (
  `id` varchar(255) COLLATE utf8mb4_unicode_ci NOT NULL,
  `user_id` bigint unsigned DEFAULT NULL,
  `ip_address` varchar(45) COLLATE utf8mb4_unicode_ci DEFAULT NULL,
  `user_agent` text COLLATE utf8mb4_unicode_ci,
  `payload` longtext COLLATE utf8mb4_unicode_ci NOT NULL,
  `last_activity` int NOT NULL,
  PRIMARY KEY (`id`),
  KEY `sessions_user_id_index` (`user_id`),
  KEY `sessions_last_activity_index` (`last_activity`)
) ENGINE=InnoDB DEFAULT CHARSET=utf8mb4 COLLATE=utf8mb4_unicode_ci;
/*!40101 SET character_set_client = @saved_cs_client */;

--
-- Dumping data for table `sessions`
--

LOCK TABLES `sessions` WRITE;
/*!40000 ALTER TABLE `sessions` DISABLE KEYS */;
/*!40000 ALTER TABLE `sessions` ENABLE KEYS */;
UNLOCK TABLES;

--
-- Table structure for table `users`
--

DROP TABLE IF EXISTS `users`;
/*!40101 SET @saved_cs_client     = @@character_set_client */;
/*!50503 SET character_set_client = utf8mb4 */;
CREATE TABLE `users` (
  `id` bigint unsigned NOT NULL AUTO_INCREMENT,
  `name` varchar(255) COLLATE utf8mb4_unicode_ci NOT NULL,
  `email` varchar(255) COLLATE utf8mb4_unicode_ci NOT NULL,
  `email_verified_at` timestamp NULL DEFAULT NULL,
  `password` varchar(255) COLLATE utf8mb4_unicode_ci NOT NULL,
  `remember_token` varchar(100) COLLATE utf8mb4_unicode_ci DEFAULT NULL,
  `created_at` timestamp NULL DEFAULT NULL,
  `updated_at` timestamp NULL DEFAULT NULL,
  PRIMARY KEY (`id`),
  UNIQUE KEY `users_email_unique` (`email`)
) ENGINE=InnoDB AUTO_INCREMENT=2 DEFAULT CHARSET=utf8mb4 COLLATE=utf8mb4_unicode_ci;
/*!40101 SET character_set_client = @saved_cs_client */;

--
-- Dumping data for table `users`
--

LOCK TABLES `users` WRITE;
/*!40000 ALTER TABLE `users` DISABLE KEYS */;
INSERT INTO `users` VALUES (1,'Fabrice Viteau','fabrice.viteau@gmail.com',NULL,'$2y$12$FTiRTqHweWvBVKAyHWzsXOdVg6agE34/dHtFd4vLLXqFP3Z3dvOdy',NULL,'2025-04-21 18:11:17','2025-04-21 18:11:17');
/*!40000 ALTER TABLE `users` ENABLE KEYS */;
UNLOCK TABLES;
/*!40103 SET TIME_ZONE=@OLD_TIME_ZONE */;

/*!40101 SET SQL_MODE=@OLD_SQL_MODE */;
/*!40014 SET FOREIGN_KEY_CHECKS=@OLD_FOREIGN_KEY_CHECKS */;
/*!40014 SET UNIQUE_CHECKS=@OLD_UNIQUE_CHECKS */;
/*!40101 SET CHARACTER_SET_CLIENT=@OLD_CHARACTER_SET_CLIENT */;
/*!40101 SET CHARACTER_SET_RESULTS=@OLD_CHARACTER_SET_RESULTS */;
/*!40101 SET COLLATION_CONNECTION=@OLD_COLLATION_CONNECTION */;
/*!40111 SET SQL_NOTES=@OLD_SQL_NOTES */;

-- Dump completed on 2025-05-16 16:49:16
